Block,Neighborhood,BuildingClassification,TotalUnits,YearBuilt,GrossSqFt,EstGrossIncome,GrossIncomePerSqFt,FullMarketValue,MarketValuePerSqFt
00007,FINANCIAL,R9-CONDOPS,42,1920,36500,1222750,33.5,5810000,159
00015,FINANCIAL,R4-ELEVATOR,282,1930,249076,9464888,38,47500002,191
00016,TRIBECA,R4-ELEVATOR,239,1985,219495,7682325,35,36800005,168
00016,TRIBECA,R4-ELEVATOR,133,1986,139719,4890165,35,23399997,167
00016,TRIBECA,R4-ELEVATOR,109,1985,105000,3675000,35,17600009,168
00016,TRIBECA,R4-ELEVATOR,107,1986,87479,3061765,35,14700006,168
00016,TRIBECA,R4-ELEVATOR,247,1987,255845,8954575,35,42900004,168
00016,TRIBECA,R4-ELEVATOR,121,1985,106129,3714515,35,17799993,168
00016,TRIBECA,R4-ELEVATOR,154,1986,126008,4410280,35,21099999,167
00016,TRIBECA,R4-ELEVATOR,546,1987,586224,20517840,35,98299985,168
00016,TRIBECA,R4-ELEVATOR,182,1988,208281,7289835,35,34899998,168
00016,TRIBECA,R4-ELEVATOR,293,1988,341489,11952115,35,57300016,168
00016,TRIBECA,R4-ELEVATOR,163,1990,156260,5469100,35,26200003,168
00016,TRIBECA,R4-ELEVATOR,117,2003,267723,9370305,35,44900000,168
00016,TRIBECA,R4-ELEVATOR,234,2006,431824,15761576,36.5,77600002,180
00016,TRIBECA,R4-ELEVATOR,304,1985,257848,9024680,35,43199949,168
00017,FINANCIAL,R4-ELEVATOR,13,1920,37236,1303260,35,6240000,168
00018,FINANCIAL,R4-ELEVATOR,452,1956,316810,11088350,35,53099990,168
00026,FINANCIAL,R4-ELEVATOR,382,1914,648926,25308114,39,126999981,196
00027,FINANCIAL,R4-ELEVATOR,107,1836,159544,6222216,39,31199996,196
00028,FINANCIAL,R4-ELEVATOR,126,1987,81884,3029708,37,15199998,186
00029,FINANCIAL,R9-CONDOPS,40,1920,65396,2223464,34,10600000,162
00029,FINANCIAL,R4-ELEVATOR,31,1900,20308,751396,37,3770002,186
00039,FINANCIAL,R4-ELEVATOR,121,1956,109468,3612444,33,17299999,158
00041,FINANCIAL,R4-ELEVATOR,20,1902,39607,1386245,35,6640000,168
00041,FINANCIAL,R4-ELEVATOR,90,1893,73507,2572745,35,12300003,167
00053,FINANCIAL,R4-ELEVATOR,102,1903,71985,2519475,35,10560787,147
00065,FINANCIAL,R9-CONDOPS,29,1920,28550,750000,26.3,3430000,120
00068,FINANCIAL,R4-ELEVATOR,145,1927,186512,7450000,39.9,37399998,201
00072,FINANCIAL,R4-ELEVATOR,14,1982,24362,850000,34.9,4070000,167
00078,FINANCIAL,R9-CONDOPS,11,1900,31738,1100000,34.7,5260000,166
00078,FINANCIAL,R9-CONDOPS,14,1930,17122,620000,36.2,2960000,173
00078,FINANCIAL,R4-ELEVATOR,14,1910,22613,824000,36.4,4130002,183
00078,FINANCIAL,R4-ELEVATOR,73,1909,89994,3275000,36.4,16400003,182
00079,FINANCIAL,R4-ELEVATOR,21,1900,66930,2435000,36.4,12200002,182
00079,FINANCIAL,R4-ELEVATOR,67,1906,66575,2425000,36.4,12200010,183
00090,SOUTHBRIDGE,R4-ELEVATOR,210,1896,196837,6298784,32,28799999,146
00091,SOUTHBRIDGE,R4-ELEVATOR,19,1919,26528,848896,32,4069999,153
00095,SOUTHBRIDGE,R4-ELEVATOR,22,1983,37170,1300000,35,6230001,168
00097,SOUTHBRIDGE,R4-ELEVATOR,18,1900,23044,795000,34.5,3810002,165
00097,SOUTHBRIDGE,R4-ELEVATOR,15,1910,25825,960000,37.2,4560000,177
00097,SOUTHBRIDGE,R4-ELEVATOR,15,1999,20091,742808,37,3530000,176
00100,SOUTHBRIDGE,R4-ELEVATOR,125,1900,168889,5404448,32,25900002,153
00106,SOUTHBRIDGE,R4-ELEVATOR,49,1900,37646,1167000,31,5589997,148
00132,TRIBECA,R4-ELEVATOR,128,1987,115909,4056815,35,19399996,167
00132,TRIBECA,R4-ELEVATOR,133,1987,138016,4830560,35,23100002,167
00132,TRIBECA,R4-ELEVATOR,11,2001,54500,1907500,35,9140000,168
00134,CIVIC CENTER,R4-ELEVATOR,27,1900,59853,1855443,31,8890001,149
00134,CIVIC CENTER,R4-ELEVATOR,75,1930,118046,3895518,33,18700005,158
00135,CIVIC CENTER,R9-CONDOPS,65,1915,112500,3487500,31,13395000,119
00135,CIVIC CENTER,R4-ELEVATOR,87,1910,217318,7606130,35,36400003,167
00136,CIVIC CENTER,R4-ELEVATOR,26,1900,50165,1555115,31,7450000,149
00137,TRIBECA,R4-ELEVATOR,12,1920,30062,931922,31,4459998,148
00140,TRIBECA,R4-ELEVATOR,83,1987,89377,3128195,35,14999999,168
00140,TRIBECA,R4-ELEVATOR,80,1988,66551,2329285,35,11199991,168
00141,TRIBECA,R4-ELEVATOR,30,1910,90000,3150000,35,15100000,168
00142,TRIBECA,R4-ELEVATOR,220,2006,535060,19262160,36,96599995,181
00142,TRIBECA,R4-ELEVATOR,311,2005,314373,11317428,36,56800017,181
00143,TRIBECA,R9-CONDOPS,13,1915,19882,616342,31,2820000,142
00144,TRIBECA,R4-ELEVATOR,12,1910,27928,865768,31,4150004,149
00145,CIVIC CENTER,R4-ELEVATOR,20,1920,24992,774752,31,3709996,148
00146,CIVIC CENTER,R4-ELEVATOR,21,1895,26050,807550,31,3870001,149
00147,CIVIC CENTER,R4-ELEVATOR,20,1915,35900,1112900,31,5329998,148
00147,CIVIC CENTER,R4-ELEVATOR,19,1915,45510,1410810,31,6760000,149
00171,CHINATOWN,R4-ELEVATOR,18,1915,20000,600000,30,2869998,143
00171,CHINATOWN,R4-ELEVATOR,12,1900,41204,1370000,33.2,6560001,159
00172,CHINATOWN,R4-ELEVATOR,163,1990,126500,4048001,32,19400011,153
00172,CHINATOWN,R4-ELEVATOR,11,1915,28500,860000,30.2,4120001,145
00173,CIVIC CENTER,R4-ELEVATOR,47,1900,132423,4767228,36,23899997,180
00173,CIVIC CENTER,R4-ELEVATOR,30,1920,89678,2690340,30,12900001,144
00175,CIVIC CENTER,R4-ELEVATOR,17,1860,32939,895000,27.2,4289999,130
00175,CIVIC CENTER,R4-ELEVATOR,24,1915,98891,3560000,36,17900000,181
00178,CIVIC CENTER,R2-WALK-UP,11,1915,24985,624000,24.97,2710000,108
00179,TRIBECA,R4-ELEVATOR,31,1915,88615,2259000,25.5,9810000,111
00180,TRIBECA,R4-ELEVATOR,20,1915,20750,622500,30,2980001,144
00188,TRIBECA,R4-ELEVATOR,36,1915,86451,2939334,34,14100000,163
00188,TRIBECA,R4-ELEVATOR,46,1910,83020,2822680,34,13500003,163
00189,TRIBECA,R9-CONDOPS,24,1915,52735,1338414,25.4,6130000,116
00189,TRIBECA,R4-ELEVATOR,14,1921,40581,1156558,28.5,5540001,137
00189,TRIBECA,R4-ELEVATOR,13,1915,53468,1657500,31,7940002,149
00189,TRIBECA,R9-CONDOPS,11,1915,18315,503662,27.5,2310000,126
00190,TRIBECA,R4-ELEVATOR,23,1915,86900,2780800,32,12999997,150
00190,TRIBECA,R4-ELEVATOR,57,1905,150010,4875000,32.5,23399999,156
00190,TRIBECA,R4-ELEVATOR,33,1924,119996,4439852,37,22300003,186
00190,TRIBECA,R4-ELEVATOR,26,2000,68033,2551237,37.5,12799997,188
00193,TRIBECA,R4-ELEVATOR,64,1915,119640,3828480,32,18299998,153
00193,TRIBECA,R4-ELEVATOR,15,2005,34587,1452654,42,7290000,211
00202,CHINATOWN,R4-ELEVATOR,167,1985,163160,4895000,30,23400042,143
00204,CHINATOWN,R4-ELEVATOR,61,2004,60962,2164151,35.5,10399998,171
00206,CHINATOWN,R4-ELEVATOR,23,2003,46545,1861000,40,9330000,200
00208,CHINATOWN,R4-ELEVATOR,27,1900,70649,2296095,32.5,11000003,156
00212,TRIBECA,R4-ELEVATOR,50,1915,122640,3801840,31,18199997,148
00212,TRIBECA,R4-ELEVATOR,34,1890,67451,2158432,32,10300001,153
00214,TRIBECA,R4-ELEVATOR,35,2004,138798,4649733,33.5,22300003,161
00215,TRIBECA,R4-ELEVATOR,24,1930,66444,1860432,28,8909999,134
00217,TRIBECA,R4-ELEVATOR,33,1853,100894,3330000,33,16000000,159
00218,TRIBECA,R4-ELEVATOR,65,2004,163128,6198864,38,31099998,191
00219,TRIBECA,R4-ELEVATOR,28,1920,88897,2489116,28,11900000,134
00219,TRIBECA,R4-ELEVATOR,16,1930,37785,1057980,28,5070000,134
00219,TRIBECA,R4-ELEVATOR,12,1915,51647,1497763,29,7169998,139
00220,TRIBECA,R4-ELEVATOR,31,1920,94924,3156223,33.3,15100003,159
00220,TRIBECA,R4-ELEVATOR,33,1900,73257,1868053,25.5,8110008,111
00222,TRIBECA,R4-ELEVATOR,20,1962,36435,1056615,29,5060000,139
00222,TRIBECA,R4-ELEVATOR,27,1920,88496,2743376,31,13100001,148
00225,TRIBECA,R9-CONDOPS,38,1910,73919,1921894,26,8800000,119
00228,SOHO,R4-ELEVATOR,11,2003,25300,907232,35.9,4349999,172
00231,SOHO,R4-ELEVATOR,16,1910,44653,1250284,28,5990001,134
00234,CHINATOWN,R4-ELEVATOR,18,1911,45148,1343153,29.8,6430001,142
00235,CHINATOWN,R4-ELEVATOR,12,1915,28370,865463,30.5,4149999,146
00236,CHINATOWN,R4-ELEVATOR,39,1990,25786,812259,31.5,3890007,151
00239,CHINATOWN,R4-ELEVATOR,80,1929,85956,2370000,27.6,11399991,133
00273,LOWER EAST SIDE,R4-ELEVATOR,13,1912,19597,509522,26,2210003,113
00274,LOWER EAST SIDE,R4-ELEVATOR,26,1990,27046,649104,24,2819997,104
00274,LOWER EAST SIDE,R4-ELEVATOR,80,2002,43850,1995175,45.5,9999990,228
00274,LOWER EAST SIDE,R4-ELEVATOR,16,2004,9744,389760,40,1950004,200
00276,LOWER EAST SIDE,R4-ELEVATOR,12,1991,5700,228000,40,1140008,200
00277,CHINATOWN,R4-ELEVATOR,74,1989,47161,1603474,34,7679999,163
00277,CHINATOWN,R4-ELEVATOR,32,1991,25805,825760,32,3960000,153
00277,CHINATOWN,R2-WALK-UP,20,1900,11358,227160,20,986000,87
00283,LOWER EAST SIDE,R4-ELEVATOR,28,1988,19924,547910,27.5,2619998,131
00284,LOWER EAST SIDE,R4-ELEVATOR,24,1907,21645,551947,25.5,2400001,111
00284,LOWER EAST SIDE,R4-ELEVATOR,30,1928,21223,541186,25.5,2350001,111
00284,LOWER EAST SIDE,R4-ELEVATOR,29,1912,43723,1180521,27,5649997,129
00297,LOWER EAST SIDE,R4-ELEVATOR,35,1990,23604,708120,30,3390000,144
00297,LOWER EAST SIDE,R4-ELEVATOR,16,2002,31406,942180,30,4509995,144
00298,LOWER EAST SIDE,R4-ELEVATOR,41,1941,25795,748055,29,3579991,139
00309,LOWER EAST SIDE,R4-ELEVATOR,25,2003,39027,1131783,29,5419996,139
00345,LOWER EAST SIDE,R4-ELEVATOR,41,2004,39643,1430000,36.1,7169989,181
00349,LOWER EAST SIDE,R2-WALK-UP,48,1930,61673,1800000,29.2,8619990,140
00350,LOWER EAST SIDE,R4-ELEVATOR,38,1930,32476,870000,26.8,3779998,116
00353,LOWER EAST SIDE,R4-ELEVATOR,31,2005,47873,1720000,35.9,8239999,172
00375,ALPHABET CITY,R4-ELEVATOR,25,2001,27798,705791,25.4,3059995,110
00384,ALPHABET CITY,R4-ELEVATOR,23,2005,34734,1050700,30.2,5030003,145
00385,ALPHABET CITY,R4-ELEVATOR,47,2005,36472,1677712,46,7970000,219
00386,ALPHABET CITY,R2-WALK-UP,13,1920,18990,436770,23,1900004,100
00389,ALPHABET CITY,R9-CONDOPS,30,1901,20940,502560,24,2120000,101
00390,ALPHABET CITY,R4-ELEVATOR,16,2000,15704,526084,33.5,2519999,160
00390,ALPHABET CITY,R9-CONDOPS,78,2001,65832,2523720,38.3,12000000,182
00392,ALPHABET CITY,R4-ELEVATOR,83,1928,78982,2014040,25.5,8750003,111
00393,ALPHABET CITY,R2-WALK-UP,35,1999,36046,1117426,31,5349997,148
00394,ALPHABET CITY,R2-WALK-UP,12,2001,15957,478710,30,2289996,144
00394,ALPHABET CITY,R2-WALK-UP,12,2001,11495,389450,33.9,1870000,163
00397,ALPHABET CITY,R4-ELEVATOR,21,1920,20038,508564,25.4,2209999,110
00397,ALPHABET CITY,R4-ELEVATOR,16,1920,19854,476496,24,2069997,104
00398,ALPHABET CITY,R2-WALK-UP,41,1987,35664,1034256,29,4950007,139
00399,ALPHABET CITY,R9-CONDOPS,17,1920,21314,490222,23,2070000,97
00405,ALPHABET CITY,R2-WALK-UP,12,1999,14376,431280,30,2070000,144
00405,ALPHABET CITY,R4-ELEVATOR,26,1965,29906,1046710,35,5010000,168
00406,ALPHABET CITY,R2-WALK-UP,24,1900,15021,315441,21,1370001,91
00407,ALPHABET CITY,R2-WALK-UP,18,1920,11033,220660,20,932000,84
00407,ALPHABET CITY,R2-WALK-UP,18,1999,19119,559230,29.2,2680001,140
00408,LOWER EAST SIDE,R4-ELEVATOR,13,1900,31205,950000,30.4,4550002,146
00411,LOWER EAST SIDE,R4-ELEVATOR,16,1900,14130,395000,28,1889996,134
00413,LOWER EAST SIDE,R2-WALK-UP,18,1900,7994,295000,36.9,1480005,185
00414,LOWER EAST SIDE,R4-ELEVATOR,16,1900,5130,165000,32.2,790000,154
00416,LOWER EAST SIDE,R4-ELEVATOR,31,1900,14100,330000,23.4,1430001,101
00416,LOWER EAST SIDE,R4-ELEVATOR,12,2003,8664,360000,41.6,1810001,209
00418,LOWER EAST SIDE,R4-ELEVATOR,12,2002,7042,290000,41.2,1449998,206
00421,LOWER EAST SIDE,R4-ELEVATOR,16,1988,13319,490000,36.8,2459999,185
00422,LOWER EAST SIDE,R9-CONDOPS,25,1900,15170,350000,23.07,1480000,98
00425,LOWER EAST SIDE,R4-ELEVATOR,16,1900,26783,930000,34.7,4449998,166
00425,LOWER EAST SIDE,R4-ELEVATOR,63,2000,56479,2140000,37.9,10700004,189
00432,EAST VILLAGE,R4-ELEVATOR,32,1991,23605,895000,37.9,4490003,190
00432,EAST VILLAGE,R9-CONDOPS,26,1900,21586,505000,23.39,2130000,99
00434,EAST VILLAGE,R4-ELEVATOR,20,1920,11229,310000,27.6,1480000,132
00438,EAST VILLAGE,R4-ELEVATOR,13,2001,15742,580000,36.8,2909998,185
00440,EAST VILLAGE,R4-ELEVATOR,27,1900,30363,915000,30.1,4380000,144
00440,EAST VILLAGE,R2-WALK-UP,13,1900,20099,510000,25.4,2210002,110
00441,EAST VILLAGE,R4-ELEVATOR,40,1911,25528,815000,31.9,3899996,153
00441,EAST VILLAGE,R4-ELEVATOR,96,2006,93382,4100000,43.9,20599999,221
00444,EAST VILLAGE,R4-ELEVATOR,20,1900,17225,550000,31.9,2629994,153
00446,EAST VILLAGE,R9-CONDOPS,28,2004,17793,640000,36,3040000,171
00446,EAST VILLAGE,R9-CONDOPS,66,1920,67764,2030000,30,9300000,137
00447,EAST VILLAGE,R9-CONDOPS,20,1900,11574,340000,29.4,1560000,135
00451,EAST VILLAGE,R4-ELEVATOR,35,1999,62556,2390000,38.2,11999995,192
00462,EAST VILLAGE,R9-CONDOPS,34,1991,36693,1290000,35.2,6130000,167
00463,EAST VILLAGE,R4-ELEVATOR,36,1984,24528,1100000,44.8,5519998,225
00464,EAST VILLAGE,R4-ELEVATOR,14,1900,14650,470000,32.1,2250000,154
00465,EAST VILLAGE,R2-WALK-UP,12,1900,14269,438771,30.7,2100001,147
00466,EAST VILLAGE,R9-CONDOPS,28,2006,30662,1475000,48.1,7350000,240
00468,EAST VILLAGE,R9-CONDOPS,16,1900,21607,570000,26.4,2610000,121
00469,EAST VILLAGE,R4-ELEVATOR,16,1920,12192,365000,29.9,1749995,144
00469,EAST VILLAGE,R9-CONDOPS,155,1964,113930,3700000,32.5,17700000,155
00470,LITTLE ITALY,R4-ELEVATOR,28,1988,21442,653981,30.5,3129999,146
00472,LITTLE ITALY,R9-CONDOPS,55,1905,104637,2302014,22,9720000,93
00473,SOHO,R4-ELEVATOR,13,1890,78982,1918568,24.29,8330001,105
00473,SOHO,R4-ELEVATOR,18,1874,27023,740952,27.4,3550004,131
00474,SOHO,R4-ELEVATOR,13,1894,35452,921752,26,3999999,113
00474,SOHO,R4-ELEVATOR,14,1920,36407,946582,26,4110000,113
00474,SOHO,R4-ELEVATOR,41,2005,117311,4575129,39,22899994,195
00475,SOHO,R9-CONDOPS,20,1920,32149,803725,25,3390000,105
00475,SOHO,R4-ELEVATOR,14,1900,55210,1435460,26,6230003,113
00478,LITTLE ITALY,R4-ELEVATOR,37,1900,56714,1417850,25,6160000,109
00481,LITTLE ITALY,R4-ELEVATOR,41,1926,83916,3104892,37,15599998,186
00482,SOHO,R4-ELEVATOR,52,2005,73057,2231670,30.5,10700001,146
00492,LITTLE ITALY,R4-ELEVATOR,44,1915,39087,996718,25.5,4330007,111
00492,LITTLE ITALY,R4-ELEVATOR,35,1988,24582,762042,31,3650009,148
00494,LITTLE ITALY,R9-CONDOPS,25,1900,12142,303550,25,1280000,105
00498,SOHO,R4-ELEVATOR,14,1900,18031,459790,25.5,1999999,111
00499,SOHO,R4-ELEVATOR,19,1988,34876,889338,25.5,3860000,111
00499,SOHO,R4-ELEVATOR,14,2005,42823,1847000,43.1,9260000,216
00500,SOHO,R4-ELEVATOR,15,1907,20752,526063,25.3,2279998,110
00500,SOHO,R4-ELEVATOR,29,1900,36223,869352,24,3770009,104
00500,SOHO,R4-ELEVATOR,12,1879,34968,1470000,42,7369998,211
00501,SOHO,R4-ELEVATOR,15,1920,31967,900000,28.2,4310000,135
00502,SOHO,R4-ELEVATOR,35,1900,34821,905346,26,3929998,113
00507,LITTLE ITALY,R4-ELEVATOR,22,1900,22511,570653,25.3,2480000,110
00508,LITTLE ITALY,R4-ELEVATOR,26,1987,17117,530627,31,2539996,148
00510,LITTLE ITALY,R4-ELEVATOR,29,1900,97941,3134112,32,12667001,129
00512,SOHO,R4-ELEVATOR,21,1900,107781,3125649,29,15000003,139
00513,SOHO,R4-ELEVATOR,32,2003,56800,2385600,42,12000004,211
00514,SOHO,R4-ELEVATOR,15,2003,41314,1528618,37,7669999,186
00515,SOHO,R4-ELEVATOR,16,2006,38591,1620822,42,8129995,211
00517,SOHO,R9-CONDOPS,38,1950,20826,520650,25,2200000,106
00518,SOHO,R2-WALK-UP,27,1900,13020,325500,25,1410007,108
00518,SOHO,R2-WALK-UP,15,1920,6013,150325,25,652998,109
00520,SOHO,R4-ELEVATOR,38,1900,33383,901341,27,4320001,129
00521,GREENWICH VILLAGE-CENTRAL,R4-ELEVATOR,18,1988,9514,332990,35,1599997,168
00522,GREENWICH VILLAGE-CENTRAL,R4-ELEVATOR,11,1910,31039,807014,26,3500001,113
00525,GREENWICH VILLAGE-CENTRAL,R9-CONDOPS,190,1910,132000,3346200,25.4,14100000,107
00525,GREENWICH VILLAGE-CENTRAL,R4-ELEVATOR,11,1910,6670,180000,27,862000,129
00525,GREENWICH VILLAGE-CENTRAL,R9-CONDOPS,54,1958,23688,604044,25.5,2770000,117
00525,GREENWICH VILLAGE-CENTRAL,R4-ELEVATOR,144,1910,85234,2557020,30,12199995,143
00528,GREENWICH VILLAGE-WEST,R4-ELEVATOR,32,1986,35225,1056750,30,5060000,144
00528,GREENWICH VILLAGE-WEST,R4-ELEVATOR,12,1986,15990,479700,30,2299999,144
00529,GREENWICH VILLAGE-CENTRAL,R4-ELEVATOR,20,1904,24630,735000,29.8,3519996,143
00529,GREENWICH VILLAGE-CENTRAL,R4-ELEVATOR,21,1900,41990,1133730,27,5430002,129
00530,GREENWICH VILLAGE-CENTRAL,R4-ELEVATOR,26,2006,85000,3570000,42,17900002,211
00531,GREENWICH VILLAGE-CENTRAL,R4-ELEVATOR,56,1912,92500,3052500,33,14600004,158
00535,GREENWICH VILLAGE-CENTRAL,R9-CONDOPS,273,1908,290492,9586236,33,43900000,151
00540,GREENWICH VILLAGE-CENTRAL,R9-CONDOPS,18,1900,15744,409344,26,1870000,119
00542,GREENWICH VILLAGE-CENTRAL,R9-CONDOPS,24,1928,17842,465000,26.1,2130000,119
00542,GREENWICH VILLAGE-CENTRAL,R9-CONDOPS,40,1900,22777,630000,27.7,2880000,126
00544,GREENWICH VILLAGE-CENTRAL,R4-ELEVATOR,25,1920,88353,3401590,38.5,17099999,194
00544,GREENWICH VILLAGE-CENTRAL,R9-CONDOPS,39,2004,116535,4894470,42,23300000,200
00545,GREENWICH VILLAGE-CENTRAL,R4-ELEVATOR,50,1930,96566,2666665,27.6,12800002,133
00548,GREENWICH VILLAGE-CENTRAL,R9-CONDOPS,390,1965,445151,15580285,35,74000000,166
00552,GREENWICH VILLAGE-CENTRAL,R4-ELEVATOR,28,1986,43106,1150000,26.7,4989995,116
00552,GREENWICH VILLAGE-CENTRAL,R4-ELEVATOR,28,1966,32116,1100000,34.3,5269992,164
00556,GREENWICH VILLAGE-CENTRAL,R4-ELEVATOR,11,1905,28385,777376,27.4,3720003,131
00557,GREENWICH VILLAGE-CENTRAL,R9-CONDOPS,65,1900,83089,2201858,26.5,10100000,122
00558,GREENWICH VILLAGE-CENTRAL,R4-ELEVATOR,41,1985,56483,1638000,29,7850001,139
00558,GREENWICH VILLAGE-CENTRAL,R4-ELEVATOR,70,1905,90082,2522296,28,12099998,134
00558,GREENWICH VILLAGE-CENTRAL,R4-ELEVATOR,44,1988,57042,1654218,29,7920000,139
00559,GREENWICH VILLAGE-CENTRAL,R4-ELEVATOR,84,2006,100500,4422000,44,22200001,221
00560,GREENWICH VILLAGE-CENTRAL,R9-CONDOPS,145,1955,136098,3606597,26.5,16500000,121
00560,GREENWICH VILLAGE-CENTRAL,R9-CONDOPS,150,1959,160209,4646061,29,21300000,133
00560,GREENWICH VILLAGE-CENTRAL,R9-CONDOPS,213,1954,140370,3789990,27,17400000,124
00561,GREENWICH VILLAGE-CENTRAL,R9-CONDOPS,229,1955,209785,5873980,28,26900000,128
00563,GREENWICH VILLAGE-CENTRAL,R4-ELEVATOR,44,1985,43542,1306260,30,6260001,144
00567,GREENWICH VILLAGE-CENTRAL,R4-ELEVATOR,96,1921,81875,3025330,37,15200020,186
00569,GREENWICH VILLAGE-CENTRAL,R4-ELEVATOR,27,1907,66739,1735214,26,7530002,113
00569,GREENWICH VILLAGE-CENTRAL,R4-ELEVATOR,12,1908,28097,744570,26.5,3230000,115
00569,GREENWICH VILLAGE-CENTRAL,R4-ELEVATOR,37,1910,52493,1416311,27,6780002,129
00569,GREENWICH VILLAGE-CENTRAL,R4-ELEVATOR,115,1903,60860,1764940,29,8449995,139
00571,GREENWICH VILLAGE-CENTRAL,R9-CONDOPS,39,1928,42384,1133772,26.8,5190000,122
00572,GREENWICH VILLAGE-CENTRAL,R9-CONDOPS,23,1952,13256,371168,28,1780000,134
00572,GREENWICH VILLAGE-CENTRAL,R2-WALK-UP,18,1900,14398,450000,31.3,2160002,150
00573,GREENWICH VILLAGE-CENTRAL,R9-CONDOPS,119,1959,94250,2497625,26.5,11400000,121
00575,GREENWICH VILLAGE-CENTRAL,R9-CONDOPS,15,1900,9380,255000,27.2,1170000,125
00575,GREENWICH VILLAGE-CENTRAL,R4-ELEVATOR,17,1912,34118,852950,25,3700002,108
00576,GREENWICH VILLAGE-CENTRAL,R4-ELEVATOR,70,1966,82017,2214459,27,10599991,129
00576,GREENWICH VILLAGE-CENTRAL,R4-ELEVATOR,105,1931,112050,3249450,29,15600000,139
00576,GREENWICH VILLAGE-CENTRAL,R9-CONDOPS,30,1910,34168,854200,25,3610000,106
00577,GREENWICH VILLAGE-CENTRAL,R4-ELEVATOR,77,1906,201330,7046550,35,33799993,168
00584,GREENWICH VILLAGE-WEST,R9-CONDOPS,169,1925,100633,2515825,25,10600000,105
00587,GREENWICH VILLAGE-WEST,R2-WALK-UP,30,1929,19320,483000,25,2099997,109
00589,GREENWICH VILLAGE-WEST,R4-ELEVATOR,43,1929,66282,1922178,29,9209999,139
00590,GREENWICH VILLAGE-WEST,R9-CONDOPS,86,1930,89510,2271763,25.4,10400000,116
00592,GREENWICH VILLAGE-WEST,R4-ELEVATOR,45,1900,21494,591085,27.5,2829993,132
00593,GREENWICH VILLAGE-WEST,R9-CONDOPS,30,1910,21738,652140,30,2990000,138
00593,GREENWICH VILLAGE-WEST,R4-ELEVATOR,18,1915,44820,1434240,32,6869999,153
00594,SOHO,R4-ELEVATOR,104,2003,196695,8851275,45,44400000,226
00594,SOHO,R4-ELEVATOR,22,1915,65085,2928825,45,14699997,226
00594,SOHO,R4-ELEVATOR,64,2005,94226,3769040,40,18900004,201
00594,SOHO,R4-ELEVATOR,13,2005,29579,1350000,45.6,6770004,229
00594,SOHO,R4-ELEVATOR,21,2007,40000,1480000,37,7429999,186
00595,SOHO,R4-ELEVATOR,12,1920,24850,990000,39.8,4959999,200
00595,SOHO,R4-ELEVATOR,12,1920,31613,800277,25.3,3470001,110
00595,SOHO,R4-ELEVATOR,40,2005,68865,3098925,45,15499998,225
00597,SOHO,R4-ELEVATOR,14,1920,31930,957900,30,4590000,144
00601,GREENWICH VILLAGE-WEST,R4-ELEVATOR,184,1920,212232,7003656,33,33499993,158
00602,GREENWICH VILLAGE-WEST,R4-ELEVATOR,142,2002,310000,14105000,45.5,70699994,228
00604,GREENWICH VILLAGE-WEST,R4-ELEVATOR,83,1920,88227,2735037,31,13100007,148
00608,GREENWICH VILLAGE-WEST,R4-ELEVATOR,214,1961,165160,5110000,30.9,24499998,148
00609,GREENWICH VILLAGE-WEST,R4-ELEVATOR,18,1912,46687,1310000,28.1,6270000,134
00610,GREENWICH VILLAGE-WEST,R4-ELEVATOR,113,1931,120723,3600000,29.8,17200005,142
00612,GREENWICH VILLAGE-WEST,R4-ELEVATOR,21,1987,18780,730000,38.9,3660002,195
00612,GREENWICH VILLAGE-WEST,R9-CONDOPS,30,1910,19715,500000,25.4,2110000,107
00612,GREENWICH VILLAGE-WEST,R9-CONDOPS,25,1905,13997,380000,27.1,1740000,124
00612,GREENWICH VILLAGE-WEST,R4-ELEVATOR,122,1964,92616,2350000,25.4,10199997,110
00616,GREENWICH VILLAGE-WEST,R9-CONDOPS,241,1931,209011,5300000,25.4,22400000,107
00618,GREENWICH VILLAGE-WEST,R4-ELEVATOR,132,1987,101634,3600000,35.4,17200001,169
00620,GREENWICH VILLAGE-WEST,R4-ELEVATOR,22,1998,41506,2050000,49.4,10299998,248
00620,GREENWICH VILLAGE-WEST,R2-WALK-UP,40,1893,18403,530000,28.8,2539998,138
00621,GREENWICH VILLAGE-WEST,R2-WALK-UP,21,1914,13648,440000,32.2,2110006,155
00623,GREENWICH VILLAGE-WEST,R9-CONDOPS,60,1920,32638,915000,28,4190000,128
00624,GREENWICH VILLAGE-WEST,R4-ELEVATOR,15,1983,27448,830000,30.2,3980004,145
00624,GREENWICH VILLAGE-WEST,R4-ELEVATOR,128,1910,138934,3750000,27,18000004,130
00624,GREENWICH VILLAGE-WEST,R9-CONDOPS,87,1939,75154,2440000,32.5,11200000,149
00625,GREENWICH VILLAGE-WEST,R4-ELEVATOR,182,1930,159268,4100000,25.7,17799998,112
00629,GREENWICH VILLAGE-WEST,R4-ELEVATOR,21,1907,30312,1060000,35,5080000,168
00629,GREENWICH VILLAGE-WEST,R4-ELEVATOR,49,1962,32863,985000,30,4720001,144
00629,GREENWICH VILLAGE-WEST,R4-ELEVATOR,47,1920,123881,4950000,40,24800002,200
00629,GREENWICH VILLAGE-WEST,R4-ELEVATOR,11,1920,23425,870000,37.1,4359999,186
00631,GREENWICH VILLAGE-WEST,R9-CONDOPS,20,1910,53943,1590000,29.5,7620000,141
00631,GREENWICH VILLAGE-WEST,R4-ELEVATOR,77,1987,73176,2600000,35.5,12499999,171
00635,GREENWICH VILLAGE-WEST,R4-ELEVATOR,24,1930,42407,1450000,34.2,6949997,164
00636,GREENWICH VILLAGE-WEST,R4-ELEVATOR,24,1997,38871,1740000,44.8,8729999,225
00636,GREENWICH VILLAGE-WEST,R4-ELEVATOR,20,1900,11852,430000,36.3,2160003,182
00637,GREENWICH VILLAGE-WEST,R4-ELEVATOR,32,1913,48708,0,0,8320002,171
00637,GREENWICH VILLAGE-WEST,R4-ELEVATOR,81,1987,60200,2230000,37,11200000,186
00637,GREENWICH VILLAGE-WEST,R4-ELEVATOR,23,2001,88141,4250000,48.2,21300000,242
00637,GREENWICH VILLAGE-WEST,R4-ELEVATOR,29,2004,72225,3250000,45,16299994,226
00638,GREENWICH VILLAGE-WEST,R4-ELEVATOR,24,1988,21991,770000,35,3690002,168
00638,GREENWICH VILLAGE-WEST,R4-ELEVATOR,18,1999,39213,1600000,40.8,8020000,205
00641,GREENWICH VILLAGE-WEST,R4-ELEVATOR,27,1910,20546,650000,31.6,3036550,148
00642,GREENWICH VILLAGE-WEST,R4-ELEVATOR,84,1997,147335,6000000,40.7,30100004,204
00643,GREENWICH VILLAGE-WEST,R2-WALK-UP,12,1910,11270,340000,30.2,1629999,145
00693,CHELSEA,R4-ELEVATOR,12,1930,28207,990000,35.1,4740003,168
00694,CHELSEA,R4-ELEVATOR,30,1930,72274,2250000,31.1,10800002,149
00695,CHELSEA,R4-ELEVATOR,336,2005,272102,11750000,43.2,58899994,216
00695,CHELSEA,R4-ELEVATOR,22,2004,49658,2300000,46.3,11499999,232
00695,CHELSEA,R4-ELEVATOR,11,2005,24000,1050000,43.8,5270000,220
00714,CHELSEA,R4-ELEVATOR,181,2006,173100,7443300,43,37299980,215
00714,CHELSEA,R4-ELEVATOR,288,2006,264402,11369286,43,54000442,204
00716,CHELSEA,R4-ELEVATOR,42,1900,49892,2195248,44,11000012,220
00716,CHELSEA,R4-ELEVATOR,20,1920,22920,916800,40,4600003,201
00716,CHELSEA,R4-ELEVATOR,43,2007,73263,3150309,43,16695367,228
00717,CHELSEA,R4-ELEVATOR,71,1989,54355,2391620,44,11999985,221
00720,CHELSEA,R4-ELEVATOR,39,1985,37431,1497240,40,7509994,201
00720,CHELSEA,R4-ELEVATOR,11,1900,8408,395176,47,1980003,235
00721,CHELSEA,R9-CONDOPS,713,1920,616965,25912530,42,123000000,199
00722,CHELSEA,R4-ELEVATOR,79,1912,97500,3705000,38,18600000,191
00723,CHELSEA,R4-ELEVATOR,52,1914,96088,3651344,38,18299997,190
00734,JAVITS CENTER,R4-ELEVATOR,52,1915,110799,3213171,29,15400006,139
00738,CHELSEA,R9-CONDOPS,117,1973,110995,3670000,33.1,16800000,151
00738,CHELSEA,R4-ELEVATOR,22,1930,37402,1250000,33.4,5990005,160
00742,CHELSEA,R4-ELEVATOR,60,1950,52698,1490000,28.3,7139994,135
00745,CHELSEA,R9-CONDOPS,218,1963,196721,5600000,28.5,25600000,130
00745,CHELSEA,R9-CONDOPS,70,1998,66668,2650000,39.7,12600000,189
00746,CHELSEA,R4-ELEVATOR,44,1985,53937,2000000,37.1,10000002,185
00746,CHELSEA,R9-CONDOPS,221,1931,151785,4400000,29,20100000,132
00746,CHELSEA,R4-ELEVATOR,26,1920,30908,1030000,33.3,4930000,160
00746,CHELSEA,R4-ELEVATOR,11,1911,16083,590000,36.7,2960002,184
00746,CHELSEA,R4-ELEVATOR,77,1948,36000,1225000,34,5869998,163
00751,CHELSEA,R4-ELEVATOR,17,2002,15480,580000,37.5,2909999,188
00760,FASHION,R4-ELEVATOR,20,1926,31962,1118670,35,5359996,168
00762,FASHION,R2-WALK-UP,16,1920,11685,385605,33,1850001,158
00764,CHELSEA,R2-WALK-UP,22,1930,16478,457264,27.7,2189996,133
00764,CHELSEA,R2-WALK-UP,34,1930,19979,554417,27.7,2659996,133
00766,CHELSEA,R4-ELEVATOR,16,1985,19718,769002,39,3859999,196
00766,CHELSEA,R4-ELEVATOR,156,1989,141673,4958555,35,23800009,168
00766,CHELSEA,R4-ELEVATOR,11,1910,72256,2528960,35,12100001,167
00766,CHELSEA,R4-ELEVATOR,31,1926,68206,2387210,35,17489998,256
00767,CHELSEA,R4-ELEVATOR,32,1907,83519,2505570,30,12000005,144
00767,CHELSEA,R4-ELEVATOR,37,2000,63723,2548920,40,12800002,201
00767,CHELSEA,R4-ELEVATOR,31,2002,52645,2105800,40,10600000,201
00768,CHELSEA,R4-ELEVATOR,69,1939,51717,1551510,30,7430001,144
00768,CHELSEA,R4-ELEVATOR,109,1962,99750,2992500,30,14300003,143
00768,CHELSEA,R4-ELEVATOR,14,2004,23052,991236,43,4969998,216
00769,CHELSEA,R9-CONDOPS,197,1980,117094,3864102,33,17700000,151
00769,CHELSEA,R4-ELEVATOR,43,1910,82151,2464530,30,11799999,144
00769,CHELSEA,R4-ELEVATOR,12,2002,33378,1335120,40,6700004,201
00773,CHELSEA,R4-ELEVATOR,20,2004,36967,1478680,40,7419999,201
00773,CHELSEA,R4-ELEVATOR,12,1900,44800,1836800,41,9210002,206
00774,CHELSEA,R4-ELEVATOR,351,1910,552679,22107160,40,110999986,201
00778,FASHION,R4-ELEVATOR,52,2006,66978,3181455,47.5,16000014,239
00779,FASHION,R4-ELEVATOR,24,1927,52598,1367548,26,5939997,113
00780,FASHION,R4-ELEVATOR,29,1986,26864,1020832,38,5120004,191
00792,CHELSEA,R4-ELEVATOR,48,1918,39792,1075000,27,5149997,129
00792,CHELSEA,R9-CONDOPS,14,1906,31650,855000,27,3920000,124
00792,CHELSEA,R9-CONDOPS,155,1930,138320,4300000,31.1,19700000,142
00793,CHELSEA,R4-ELEVATOR,35,1900,61572,1910000,31,9150000,149
00793,CHELSEA,R4-ELEVATOR,51,2001,111514,4250000,38.1,21300003,191
00793,CHELSEA,R4-ELEVATOR,18,1910,54708,1750000,32,8380000,153
00793,CHELSEA,R4-ELEVATOR,43,2006,67387,4400000,65,22100002,328
00793,CHELSEA,R4-ELEVATOR,38,2008,70840,3612840,51,18099999,256
00794,CHELSEA,R4-ELEVATOR,64,2005,118000,4960000,42,24900001,211
00794,CHELSEA,R4-ELEVATOR,26,2006,45457,2200000,48.4,10999998,242
00795,CHELSEA,R4-ELEVATOR,67,1903,120050,5040000,42,25300015,211
00796,CHELSEA,R4-ELEVATOR,45,1987,31800,1150000,36.2,5770003,181
00796,CHELSEA,R4-ELEVATOR,28,1875,41294,1240000,30,5939997,144
00796,CHELSEA,R4-ELEVATOR,15,1905,32085,1075000,33.5,5150001,161
00796,CHELSEA,R4-ELEVATOR,49,1900,84890,3820000,45,19199999,226
00797,CHELSEA,R4-ELEVATOR,22,1911,58449,1900000,32.5,9100001,156
00797,CHELSEA,R4-ELEVATOR,13,2003,37035,1200000,32.4,5749999,155
00798,CHELSEA,R4-ELEVATOR,120,1973,80000,3750000,46.9,18799996,235
00798,CHELSEA,R4-ELEVATOR,21,1950,28124,960000,34.1,4600001,164
00798,CHELSEA,R4-ELEVATOR,33,2006,66937,2877000,43,14430030,216
00799,CHELSEA,R4-ELEVATOR,20,1920,23621,830000,35.1,3980003,168
00800,CHELSEA,R4-ELEVATOR,34,1911,81331,3350000,41.2,16800001,207
00800,CHELSEA,R4-ELEVATOR,203,2006,334205,17530000,52,87900247,263
00801,CHELSEA,R4-ELEVATOR,25,1922,48276,1740000,36,8730000,181
00802,CHELSEA,R4-ELEVATOR,24,1911,70181,2700000,38.5,13500002,192
00803,CHELSEA,R4-ELEVATOR,93,1926,94649,3900000,41.2,19600002,207
00805,FASHION,R4-ELEVATOR,45,1929,120453,5000000,41.5,25099999,208
00814,FASHION,R4-ELEVATOR,89,2004,97349,4500000,46.2,22600000,232
00816,FLATIRON,R4-ELEVATOR,133,1989,136255,4768925,35,22799994,167
00817,FLATIRON,R4-ELEVATOR,51,1986,64600,2261000,35,10800001,167
00819,FLATIRON,R4-ELEVATOR,15,1985,28804,864120,30,4140002,144
00819,FLATIRON,R4-ELEVATOR,17,1961,38359,1342565,35,6430003,168
00819,FLATIRON,R4-ELEVATOR,21,1908,69315,2426025,35,11600000,167
00820,FLATIRON,R9-CONDOPS,21,1901,35253,1163349,33,5330000,151
00820,FLATIRON,R4-ELEVATOR,57,1906,62219,2177665,35,10399999,167
00821,FLATIRON,R4-ELEVATOR,67,1906,95000,3610000,38,551616,5.81
00821,FLATIRON,R9-CONDOPS,18,1912,37400,1234200,33,5650000,151
00822,FLATIRON,R4-ELEVATOR,11,0,28333,906656,32,4340000,153
00822,FLATIRON,R4-ELEVATOR,17,1906,41659,1458065,35,6979998,168
00823,FLATIRON,R4-ELEVATOR,11,1904,28455,853650,30,3910000,137
00823,FLATIRON,R4-ELEVATOR,11,0,58439,2045365,35,9799999,168
00842,FLATIRON,R9-CONDOPS,153,1961,158565,5391210,34,25600000,161
00843,FLATIRON,R9-CONDOPS,17,1907,46424,1624840,35,7720000,166
00848,FLATIRON,R4-ELEVATOR,22,0,45692,1599220,35,7660000,168
00848,FLATIRON,R4-ELEVATOR,51,2007,84733,3812985,45,19100007,225
00849,FLATIRON,R4-ELEVATOR,15,1908,28000,840000,30,4020000,144
00849,FLATIRON,R9-CONDOPS,11,1906,21375,748125,35,3560000,167
00849,FLATIRON,R4-ELEVATOR,109,1913,191318,7652720,40,38400003,201
00849,UPPER WEST SIDE (59-79),R4-ELEVATOR,680,1965,665236,24613732,37,122999993,185
00850,FLATIRON,R4-ELEVATOR,259,1986,282900,11316000,40,56699999,200
00850,FLATIRON,R4-ELEVATOR,43,1913,60609,2121315,35,10200000,168
00851,FLATIRON,R4-ELEVATOR,423,1985,380448,15217920,40,76299937,201
00855,FLATIRON,R4-ELEVATOR,119,1987,123200,4928000,40,24699999,200
00856,FLATIRON,R4-ELEVATOR,190,0,301945,12077800,40,60600000,201
00856,FLATIRON,R4-ELEVATOR,72,1912,180112,7204480,40,36100002,200
00857,FLATIRON,R4-ELEVATOR,31,1911,61182,2141370,35,10300002,168
00858,MURRAY HILL,R4-ELEVATOR,22,1913,42940,1631720,38,8180008,190
00859,MURRAY HILL,R4-ELEVATOR,139,2005,238818,10507992,44,52700004,221
00860,MURRAY HILL,R4-ELEVATOR,40,1922,40299,1531362,38,7680002,191
00862,MURRAY HILL,R4-ELEVATOR,18,0,32085,962550,30,4609998,144
00862,MURRAY HILL,R4-ELEVATOR,250,2005,392410,16873630,43,84600003,216
00864,MURRAY HILL,R9-CONDOPS,169,1938,182166,7286640,40,34600000,190
00865,MURRAY HILL,R4-ELEVATOR,40,1985,86314,3625188,42,18199994,211
00865,MURRAY HILL,R4-ELEVATOR,91,2005,92176,4332272,47,20600000,223
00866,MURRAY HILL,R4-ELEVATOR,67,1912,76902,3229884,42,16199998,211
00866,MURRAY HILL,R4-ELEVATOR,101,1952,87697,3683274,42,18500013,211
00867,MURRAY HILL,R4-ELEVATOR,17,1998,30371,1154098,38,5790001,191
00868,MURRAY HILL,R4-ELEVATOR,113,1961,88230,3705660,42,18600006,211
00868,MURRAY HILL,R4-ELEVATOR,224,1956,212756,8510240,40,42700005,201
00868,MURRAY HILL,R4-ELEVATOR,172,2003,162488,7149472,44,35899991,221
00869,MURRAY HILL,R4-ELEVATOR,174,1986,134519,5784317,43,28999999,216
00870,GRAMERCY,R4-ELEVATOR,645,1987,575077,23003080,40,114999959,200
00874,GRAMERCY,R9-CONDOPS,53,1955,40279,1288928,32,6130000,152
00876,GRAMERCY,R4-ELEVATOR,24,1913,30260,1149880,38,5770005,191
00876,GRAMERCY,R4-ELEVATOR,23,1956,8053,289908,36,1449998,180
00879,GRAMERCY,R4-ELEVATOR,95,2004,87310,3928950,45,19699999,226
00880,GRAMERCY,R4-ELEVATOR,11,1920,36270,1378260,38,6909999,191
00881,GRAMERCY,R9-CONDOPS,40,1930,22300,892000,40,4240000,190
00884,MURRAY HILL,R4-ELEVATOR,25,1920,53181,2233602,42,11199998,211
00885,MURRAY HILL,R4-ELEVATOR,29,1920,25354,836682,33,4009994,158
00886,MURRAY HILL,R4-ELEVATOR,52,1984,65112,2734704,42,13699993,210
00886,MURRAY HILL,R4-ELEVATOR,53,1987,55715,2340030,42,11699999,210
00886,MURRAY HILL,R4-ELEVATOR,71,1988,77154,3240468,42,16299991,211
00888,MURRAY HILL,R4-ELEVATOR,79,1988,71011,2982462,42,14999995,211
00890,MURRAY HILL,R4-ELEVATOR,330,1961,270870,10834800,40,54300001,200
00890,MURRAY HILL,R4-ELEVATOR,28,2002,38960,1480480,38,7420003,190
00892,MURRAY HILL,R4-ELEVATOR,78,1963,45116,1714408,38,8599985,191
00892,MURRAY HILL,R4-ELEVATOR,101,2006,136474,6141330,45,30800001,226
00894,MURRAY HILL,R4-ELEVATOR,109,1924,158571,6977124,44,35000014,221
00894,MURRAY HILL,R4-ELEVATOR,176,1960,128571,5142840,40,25799994,201
00894,MURRAY HILL,R4-ELEVATOR,43,1924,51562,1959356,38,9830003,191
00897,GRAMERCY,R4-ELEVATOR,32,1915,51136,1636352,32,7840002,153
00898,GRAMERCY,R4-ELEVATOR,127,1901,174042,5395302,31,25800004,148
00898,GRAMERCY,R4-ELEVATOR,13,1948,26700,1068000,40,5359999,201
00903,GRAMERCY,R4-ELEVATOR,64,1920,81685,3022345,37,15199995,186
00903,GRAMERCY,R9-CONDOPS,329,1931,321079,10274528,32,48800000,152
00908,GRAMERCY,R4-ELEVATOR,43,1965,29535,1122330,38,5629995,191
00910,MURRAY HILL,R4-ELEVATOR,80,2001,79132,3560940,45,17900000,226
00911,MURRAY HILL,R4-ELEVATOR,30,1925,41297,1569286,38,7869997,191
00911,MURRAY HILL,R4-ELEVATOR,25,1983,27950,1173900,42,5890000,211
00912,MURRAY HILL,R4-ELEVATOR,165,1990,198838,8550034,43,42900006,216
00915,MURRAY HILL,R4-ELEVATOR,191,2007,222784,9579712,43,48000000,215
00916,MURRAY HILL,R9-CONDOPS,44,1960,23653,993426,42,4720000,200
00917,MURRAY HILL,R4-ELEVATOR,118,1963,123404,4936160,40,24800016,201
00920,MURRAY HILL,R4-ELEVATOR,234,1988,235948,10145764,43,50900001,216
00927,KIPS BAY,R4-ELEVATOR,15,1910,20425,674025,33,3229999,158
00928,KIPS BAY,R9-CONDOPS,98,1905,65393,2092576,32,9580000,146
00928,KIPS BAY,R9-CONDOPS,36,1905,49157,1573024,32,7200000,146
00928,KIPS BAY,R4-ELEVATOR,207,2007,233744,9349760,40,46900026,201
00935,KIPS BAY,R4-ELEVATOR,128,1956,125776,3773280,30,18100002,144
00936,KIPS BAY,R4-ELEVATOR,1121,1962,1171064,32789792,28,156999784,134
00940,KIPS BAY,R4-ELEVATOR,205,1961,194733,6815655,35,32600001,167
00943,KIPS BAY,R4-ELEVATOR,818,1986,842317,29481095,35,140999979,167
00944,KIPS BAY,R4-ELEVATOR,118,1984,119395,4178825,35,19999972,168
00945,KIPS BAY,R9-CONDOPS,586,1967,605018,21175630,35,101000000,167
00968,KIPS BAY,R4-ELEVATOR,485,1984,508026,19813014,39,99400015,196
00969,KIPS BAY,R4-ELEVATOR,411,1989,510770,19920030,39,99899984,196
01003,MIDTOWN WEST,R4-ELEVATOR,445,1927,328716,13148640,40,65899991,200
01006,MIDTOWN WEST,R4-ELEVATOR,212,1968,223307,8485666,38,42600010,191
01008,MIDTOWN WEST,R4-ELEVATOR,50,1982,96492,4052664,42,20300029,210
01008,MIDTOWN WEST,R4-ELEVATOR,65,1926,74422,2828036,38,14200002,191
01008,MIDTOWN WEST,R4-ELEVATOR,340,1987,494266,21253438,43,106999987,216
01009,MIDTOWN WEST,R4-ELEVATOR,247,1986,399221,17964945,45,90099994,226
01010,MIDTOWN WEST,R9-CONDOPS,38,1916,43765,1312950,30,6010000,137
01010,MIDTOWN WEST,R4-ELEVATOR,33,1923,32796,983880,30,4709999,144
01010,MIDTOWN WEST,R4-ELEVATOR,35,1922,88288,3354944,38,16799998,190
01010,MIDTOWN WEST,R4-ELEVATOR,103,1926,121921,4876840,40,24500007,201
01011,MIDTOWN WEST,R4-ELEVATOR,161,1930,159786,6391440,40,32100002,201
01011,MIDTOWN WEST,R4-ELEVATOR,420,1930,340000,13600000,40,68199993,201
01011,MIDTOWN WEST,R4-ELEVATOR,79,1950,78236,3285912,42,16499997,211
01011,MIDTOWN WEST,R9-CONDOPS,34,1912,35328,1059840,30,4850000,137
01011,MIDTOWN WEST,R4-ELEVATOR,80,1918,87821,3688482,42,18500007,211
01018,MIDTOWN WEST,R4-ELEVATOR,218,2006,293691,14390859,49,72199966,246
01020,MIDTOWN WEST,R4-ELEVATOR,137,2005,165323,8100827,49,40599987,246
01025,MIDTOWN WEST,R9-CONDOPS,129,1916,128513,4240929,33,19400000,151
01027,MIDTOWN WEST,R4-ELEVATOR,108,2002,210177,9457965,45,47400002,226
01040,MIDTOWN WEST,R4-ELEVATOR,704,1989,551052,22042080,40,110999997,201
01042,MIDTOWN WEST,R4-ELEVATOR,215,2005,249339,11220255,45,56531876,227
01043,MIDTOWN WEST,R4-ELEVATOR,65,1942,54785,1753120,32,8399997,153
01043,MIDTOWN WEST,R4-ELEVATOR,65,1947,54655,1748960,32,8380001,153
01043,MIDTOWN WEST,R4-ELEVATOR,66,2005,56935,2163530,38,10899989,191
01047,MIDTOWN WEST,R4-ELEVATOR,576,1931,609127,21319445,35,101999998,167
01047,MIDTOWN WEST,R4-ELEVATOR,595,1978,706825,27566175,39,137999993,195
01048,MIDTOWN WEST,R4-ELEVATOR,261,1982,263995,10559800,40,52999980,201
01048,MIDTOWN WEST,R4-ELEVATOR,296,1987,314941,12597640,40,63199994,201
01048,MIDTOWN WEST,R4-ELEVATOR,20,1987,15764,630560,40,3159997,200
01048,MIDTOWN WEST,R9-CONDOPS,188,1940,158478,5071296,32,23200000,146
01049,MIDTOWN WEST,R4-ELEVATOR,129,1955,377444,21136864,56,106000008,281
01049,MIDTOWN WEST,R4-ELEVATOR,65,1955,217897,12202232,56,61199999,281
01051,CLINTON,R4-ELEVATOR,262,2000,245000,9555000,39,45400000,185
01053,CLINTON,R4-ELEVATOR,58,2007,54027,2377188,44,12500008,231
01054,CLINTON,R4-ELEVATOR,21,1920,26041,833312,32,3990001,153
01055,CLINTON,R4-ELEVATOR,34,1986,28692,918144,32,4399996,153
01056,CLINTON,R4-ELEVATOR,28,1920,20655,660960,32,3170002,153
01058,CLINTON,R9-CONDOPS,16,1901,7812,234360,30,1070000,137
01063,CLINTON,R4-ELEVATOR,34,1986,30457,1065995,35,5110002,168
01064,CLINTON,R4-ELEVATOR,29,1986,32906,1151710,35,5520000,168
01064,CLINTON,R4-ELEVATOR,27,1928,56495,2259800,40,11300001,200
01067,CLINTON,R9-CONDOPS,98,1986,97365,3699870,38,18500000,190
01067,CLINTON,R4-ELEVATOR,16,1910,52794,2006172,38,10100000,191
01070,CLINTON,R4-ELEVATOR,25,2001,22475,786625,35,4140000,184
01071,CLINTON,R4-ELEVATOR,311,1988,257680,9791840,38,49100018,191
01071,CLINTON,R9-CONDOPS,160,1912,208598,7300930,35,34700000,166
01074,CLINTON,R4-ELEVATOR,85,1999,54840,2029080,37,9640000,176
01075,CLINTON,R4-ELEVATOR,151,2003,116904,4442352,38,22299995,191
01075,CLINTON,R4-ELEVATOR,45,2006,40594,1420790,35,6810003,168
01090,CLINTON,R4-ELEVATOR,478,2005,467344,19628448,42,98400035,211
01113,UPPER WEST SIDE (59-79),R4-ELEVATOR,166,1982,202235,8089400,40,40599990,201
01113,UPPER WEST SIDE (59-79),R4-ELEVATOR,158,1960,415113,19925424,48,99900000,241
01114,UPPER WEST SIDE (59-79),R4-ELEVATOR,94,1930,125900,4532400,36,22699982,180
01114,UPPER WEST SIDE (59-79),R4-ELEVATOR,120,1987,146748,5576424,38,27999999,191
01114,UPPER WEST SIDE (59-79),R4-ELEVATOR,202,2005,730068,40153740,55,200999993,275
01115,UPPER WEST SIDE (59-79),R4-ELEVATOR,425,1932,598316,23932640,40,119999997,201
01115,UPPER WEST SIDE (59-79),R9-CONDOPS,277,1981,276911,11353351,41,54000000,195
01116,UPPER WEST SIDE (59-79),R4-ELEVATOR,655,1970,806195,32247800,40,162000008,201
01116,UPPER WEST SIDE (59-79),R4-ELEVATOR,53,1999,146262,5850480,40,29167300,199
01117,UPPER WEST SIDE (59-79),R4-ELEVATOR,11,1983,9335,312722,33.5,1429998,153
01117,UPPER WEST SIDE (59-79),R4-ELEVATOR,65,1911,87712,3508480,40,17599989,201
01118,UPPER WEST SIDE (59-79),R4-ELEVATOR,54,1939,40545,1419075,35,6799994,168
01120,UPPER WEST SIDE (59-79),R4-ELEVATOR,175,1983,154328,5555808,36,27899990,181
01124,UPPER WEST SIDE (59-79),R9-CONDOPS,142,1926,114510,4122360,36,19600000,171
01125,UPPER WEST SIDE (59-79),R4-ELEVATOR,132,1928,139400,5018400,36,25199988,181
01125,UPPER WEST SIDE (59-79),R4-ELEVATOR,158,1924,239122,9564880,40,47999996,201
01126,UPPER WEST SIDE (59-79),R4-ELEVATOR,62,1900,57627,1959318,34,9390001,163
01128,UPPER WEST SIDE (59-79),R2-WALK-UP,13,1910,8625,310500,36,1559998,181
01129,UPPER WEST SIDE (59-79),R2-WALK-UP,13,1900,6641,245717,37,1229998,185
01131,UPPER WEST SIDE (59-79),R4-ELEVATOR,133,1998,239035,10039470,42,50300002,210
01132,UPPER WEST SIDE (59-79),R4-ELEVATOR,222,1988,269253,10770120,40,54000001,201
01137,UPPER WEST SIDE (59-79),R4-ELEVATOR,347,1989,442560,20357760,46,102000000,230
01138,UPPER WEST SIDE (59-79),R4-ELEVATOR,143,1995,271808,11415936,42,57300002,211
01138,UPPER WEST SIDE (59-79),R4-ELEVATOR,199,1997,320750,13792250,43,69200007,216
01139,UPPER WEST SIDE (59-79),R4-ELEVATOR,75,1985,68609,2607142,38,13100001,191
01139,UPPER WEST SIDE (59-79),R4-ELEVATOR,281,1992,325921,13688682,42,68599999,210
01140,UPPER WEST SIDE (59-79),R4-ELEVATOR,161,1987,239435,9577400,40,47999995,200
01141,UPPER WEST SIDE (59-79),R4-ELEVATOR,83,1903,95930,3165690,33,15200001,158
01141,UPPER WEST SIDE (59-79),R9-CONDOPS,272,1977,218992,8759680,40,41600000,190
01142,UPPER WEST SIDE (59-79),R4-ELEVATOR,87,1927,119000,3570000,30,17100001,144
01142,UPPER WEST SIDE (59-79),R4-ELEVATOR,122,1989,179380,6995820,39,35100001,196
01143,UPPER WEST SIDE (59-79),R4-ELEVATOR,55,1940,43578,1525230,35,7310000,168
01143,UPPER WEST SIDE (59-79),R9-CONDOPS,35,1900,36236,1268260,35,6030000,166
01143,UPPER WEST SIDE (59-79),R4-ELEVATOR,66,1905,46142,1522686,33,7290004,158
01143,UPPER WEST SIDE (59-79),R4-ELEVATOR,17,2006,45900,1973700,43,9899999,216
01144,UPPER WEST SIDE (59-79),R4-ELEVATOR,34,1913,50284,1659372,33,7949996,158
01146,UPPER WEST SIDE (59-79),R9-CONDOPS,62,1952,70100,2383400,34,11300000,161
01147,UPPER WEST SIDE (59-79),R9-CONDOPS,132,1925,181976,5823232,32,26700000,147
01149,UPPER WEST SIDE (59-79),R2-WALK-UP,28,1900,14940,493020,33,2360001,158
01150,UPPER WEST SIDE (59-79),R4-ELEVATOR,23,1988,47376,1800288,38,9029998,191
01150,UPPER WEST SIDE (59-79),R4-ELEVATOR,93,1987,68225,2592550,38,12999998,191
01150,UPPER WEST SIDE (59-79),R4-ELEVATOR,98,1930,135531,4743585,35,22700003,167
01151,UPPER WEST SIDE (59-79),R9-CONDOPS,248,1991,264070,10562800,40,50600000,192
01151,UPPER WEST SIDE (59-79),R9-CONDOPS,132,1991,92422,3696880,40,17600000,190
01151,UPPER WEST SIDE (59-79),R4-ELEVATOR,172,2005,213067,8949000,42,44899994,211
01151,UPPER WEST SIDE (59-79),R4-ELEVATOR,186,2007,259288,10371520,40,51999872,201
01152,UPPER WEST SIDE (59-79),R4-ELEVATOR,80,2004,86299,3624558,42,19842268,230
01158,UPPER WEST SIDE (59-79),R9-CONDOPS,508,1963,471630,13205640,28,60500000,128
01158,UPPER WEST SIDE (59-79),R9-CONDOPS,452,1965,493268,13811504,28,63200000,128
01158,UPPER WEST SIDE (59-79),R9-CONDOPS,454,1963,452258,12663224,28,58000000,128
01158,UPPER WEST SIDE (59-79),R9-CONDOPS,561,1964,640079,17922212,28,82100000,128
01158,UPPER WEST SIDE (59-79),R9-CONDOPS,484,1965,474360,13282080,28,60800000,128
01163,UPPER WEST SIDE (59-79),R4-ELEVATOR,58,1986,58000,2204000,38,11100008,191
01164,UPPER WEST SIDE (59-79),R4-ELEVATOR,202,1991,265469,9291415,35,44500005,168
01165,UPPER WEST SIDE (59-79),R4-ELEVATOR,159,1926,186929,5981728,32,28699980,154
01165,UPPER WEST SIDE (59-79),R4-ELEVATOR,465,1902,446600,12951400,29,61999986,139
01165,UPPER WEST SIDE (59-79),R4-ELEVATOR,29,1928,132048,4753728,36,23799999,180
01166,UPPER WEST SIDE (59-79),R4-ELEVATOR,92,1922,54975,1814175,33,8690006,158
01167,UPPER WEST SIDE (59-79),R9-CONDOPS,110,1924,107050,3532650,33,16200000,151
01169,UPPER WEST SIDE (59-79),R2-WALK-UP,16,1920,9957,358452,36,1800001,181
01170,UPPER WEST SIDE (59-79),R9-CONDOPS,272,1975,226556,7929460,35,37700000,166
01171,UPPER WEST SIDE (59-79),R4-ELEVATOR,372,1997,512280,23052600,45,116000006,226
01171,UPPER WEST SIDE (59-79),R4-ELEVATOR,422,2000,602694,27121230,45,136000010,226
01171,UPPER WEST SIDE (59-79),R4-ELEVATOR,167,2004,322204,14499180,45,72699994,226
01171,UPPER WEST SIDE (59-79),R4-ELEVATOR,277,2004,263003,11835135,45,59399962,226
01171,UPPER WEST SIDE (59-79),R4-ELEVATOR,266,2006,388033,17461485,45,87600011,226
01179,UPPER WEST SIDE (59-79),R9-CONDOPS,403,1962,421100,11790800,28,54000000,128
01179,UPPER WEST SIDE (59-79),R9-CONDOPS,432,1962,383760,10745280,28,49200000,128
01179,UPPER WEST SIDE (59-79),R9-CONDOPS,543,1962,533710,14943880,28,68400000,128
01182,UPPER WEST SIDE (59-79),R4-ELEVATOR,148,1930,152076,4866432,32,23300002,153
01184,UPPER WEST SIDE (59-79),R4-ELEVATOR,25,1931,45968,1516944,33,7269999,158
01197,UPPER WEST SIDE (79-96),R4-ELEVATOR,37,1924,55226,2153814,39,10799998,196
01198,UPPER WEST SIDE (79-96),R4-ELEVATOR,52,1900,39438,1538082,39,7709990,195
01199,UPPER WEST SIDE (79-96),R4-ELEVATOR,20,1910,28600,1115400,39,5589997,195
01202,UPPER WEST SIDE (79-96),R4-ELEVATOR,36,1988,115502,4273574,37,21400000,185
01203,UPPER WEST SIDE (79-96),R4-ELEVATOR,47,1927,39942,1557738,39,7809997,196
01203,UPPER WEST SIDE (79-96),R4-ELEVATOR,11,1960,19902,776178,39,3890001,195
01206,UPPER WEST SIDE (79-96),R4-ELEVATOR,85,1929,130259,3907770,30,18699999,144
01209,UPPER WEST SIDE (79-96),R4-ELEVATOR,18,1991,53656,2038928,38,10200000,190
01210,UPPER WEST SIDE (79-96),R4-ELEVATOR,147,1986,215942,8637680,40,43299997,201
01210,UPPER WEST SIDE (79-96),R4-ELEVATOR,91,1920,60653,2426120,40,12199991,201
01212,UPPER WEST SIDE (79-96),R9-CONDOPS,134,1900,148751,4611281,31,21100000,142
01213,UPPER WEST SIDE (79-96),R4-ELEVATOR,36,1912,35516,958932,27,4589999,129
01213,UPPER WEST SIDE (79-96),R9-CONDOPS,59,0,48846,1416534,29,6490000,133
01216,UPPER WEST SIDE (79-96),R4-ELEVATOR,47,1986,27600,1021200,37,5120004,186
01216,UPPER WEST SIDE (79-96),R4-ELEVATOR,79,1929,88916,2489648,28,11900005,134
01216,UPPER WEST SIDE (79-96),R4-ELEVATOR,38,1998,70430,2605910,37,13099999,186
01219,UPPER WEST SIDE (79-96),R4-ELEVATOR,108,1985,145070,4642240,32,22200030,153
01220,UPPER WEST SIDE (79-96),R4-ELEVATOR,47,1900,33570,1208520,36,6059995,181
01220,UPPER WEST SIDE (79-96),R4-ELEVATOR,13,1989,27389,1040782,38,5220000,191
01220,UPPER WEST SIDE (79-96),R4-ELEVATOR,26,1989,54778,2081564,38,10400002,190
01220,UPPER WEST SIDE (79-96),R4-ELEVATOR,59,1990,60767,2309146,38,11599987,191
01223,UPPER WEST SIDE (79-96),R9-CONDOPS,93,1930,100964,3028920,30,13900000,138
01223,UPPER WEST SIDE (79-96),R4-ELEVATOR,53,1925,62389,1684503,27,8069997,129
01223,UPPER WEST SIDE (79-96),R4-ELEVATOR,279,1973,246842,7405260,30,35500009,144
01223,UPPER WEST SIDE (79-96),R4-ELEVATOR,53,1925,55008,1155168,21,3720255,68
01228,UPPER WEST SIDE (79-96),R4-ELEVATOR,123,1987,132774,4647090,35,22300016,168
01228,UPPER WEST SIDE (79-96),R4-ELEVATOR,28,1910,27772,972020,35,4659997,168
01228,UPPER WEST SIDE (79-96),R4-ELEVATOR,12,2004,21807,872280,40,4370000,200
01229,UPPER WEST SIDE (79-96),R4-ELEVATOR,55,1920,80629,2096354,26,9100011,113
01230,UPPER WEST SIDE (79-96),R9-CONDOPS,97,1923,155319,4659570,30,21300000,137
01231,UPPER WEST SIDE (79-96),R4-ELEVATOR,306,1985,369189,14029182,38,70399989,191
01232,UPPER WEST SIDE (79-96),R9-CONDOPS,76,1915,147022,4410660,30,20200000,137
01232,UPPER WEST SIDE (79-96),R4-ELEVATOR,89,1915,141562,4671546,33,22400003,158
01233,UPPER WEST SIDE (79-96),R4-ELEVATOR,45,1912,79554,2147958,27,10300000,129
01233,UPPER WEST SIDE (79-96),R4-ELEVATOR,57,1986,60115,2404600,40,12099997,201
01234,UPPER WEST SIDE (79-96),R9-CONDOPS,354,1987,412000,15656000,38,74400000,181
01235,UPPER WEST SIDE (79-96),R4-ELEVATOR,60,1920,56306,1520262,27,7280002,129
01236,UPPER WEST SIDE (79-96),R9-CONDOPS,142,1986,134054,4691890,35,22300000,166
01236,UPPER WEST SIDE (79-96),R4-ELEVATOR,94,1915,171946,5158380,30,24700005,144
01237,UPPER WEST SIDE (79-96),R4-ELEVATOR,72,1920,147994,4439820,30,21300003,144
01237,UPPER WEST SIDE (79-96),R4-ELEVATOR,157,1985,170760,5976600,35,28600000,167
01238,UPPER WEST SIDE (79-96),R4-ELEVATOR,93,1922,166559,5829565,35,27900000,168
01238,UPPER WEST SIDE (79-96),R4-ELEVATOR,84,1920,118026,3540780,30,16999997,144
01239,UPPER WEST SIDE (79-96),R4-ELEVATOR,37,1913,59951,1678628,28,8040000,134
01239,UPPER WEST SIDE (79-96),R4-ELEVATOR,47,1916,92402,2772060,30,13299999,144
01240,UPPER WEST SIDE (79-96),R4-ELEVATOR,15,1900,15815,474450,30,2270004,144
01240,UPPER WEST SIDE (79-96),R4-ELEVATOR,58,1926,116997,3509910,30,16799993,144
01241,UPPER WEST SIDE (79-96),R4-ELEVATOR,15,1930,16506,495180,30,2370003,144
01243,UPPER WEST SIDE (79-96),R4-ELEVATOR,212,1986,145085,5077975,35,24300005,167
01244,UPPER WEST SIDE (79-96),R4-ELEVATOR,24,1920,20118,663894,33,3180001,158
01245,UPPER WEST SIDE (79-96),R9-CONDOPS,17,1920,25216,832128,33,3810000,151
01246,UPPER WEST SIDE (79-96),R4-ELEVATOR,22,1910,28436,938388,33,4489997,158
01247,UPPER WEST SIDE (79-96),R4-ELEVATOR,70,1950,90566,2354716,26,10200000,113
01250,UPPER WEST SIDE (79-96),R4-ELEVATOR,24,1920,60480,1693440,28,8110001,134
01250,UPPER WEST SIDE (79-96),R4-ELEVATOR,54,1923,55190,1545320,28,7399988,134
01251,UPPER WEST SIDE (79-96),R4-ELEVATOR,51,1911,78380,2194640,28,10500004,134
01252,UPPER WEST SIDE (79-96),R4-ELEVATOR,32,1920,32750,917000,28,4390001,134
01253,UPPER WEST SIDE (79-96),R4-ELEVATOR,30,1902,32905,921340,28,4409996,134
01253,UPPER WEST SIDE (79-96),R4-ELEVATOR,104,1989,167752,5871320,35,28099998,168
01253,UPPER WEST SIDE (79-96),R4-ELEVATOR,261,1931,208241,4997784,24,21699981,104
01263,MIDTOWN WEST,R4-ELEVATOR,152,2005,148385,7270865,49,36500010,246
01269,MIDTOWN WEST,R4-ELEVATOR,248,1982,503000,22132000,44,111000008,221
01270,MIDTOWN WEST,R4-ELEVATOR,35,1925,44350,1552250,35,7439999,168
01271,MIDTOWN WEST,R4-ELEVATOR,183,1963,141738,4960830,35,23799972,168
01273,MIDTOWN WEST,R4-ELEVATOR,168,1969,206973,7864974,38,39400003,190
01274,MIDTOWN WEST,R4-ELEVATOR,88,1901,68219,2865198,42,14399998,211
01274,MIDTOWN WEST,R4-ELEVATOR,11,1931,84843,4072464,48,20400001,240
01274,MIDTOWN WEST,R4-ELEVATOR,164,1907,395521,19776050,50,99200007,251
01287,MIDTOWN CBD,R4-ELEVATOR,226,1981,477801,22456647,47,113000018,237
01290,MIDTOWN CBD,R4-ELEVATOR,74,2003,115852,5502970,47.5,19199999,166
01292,MIDTOWN CBD,R4-ELEVATOR,246,1983,499668,24983400,50,125000006,250
01294,MIDTOWN CBD,R4-ELEVATOR,56,1982,176494,7059760,40,35399994,201
01303,MIDTOWN CBD,R4-ELEVATOR,207,1985,185540,7421600,40,37199999,200
01309,MIDTOWN CBD,R4-ELEVATOR,145,1951,132205,4627175,35,22200007,168
01310,MIDTOWN CBD,R4-ELEVATOR,87,1956,70773,2406282,34,11500005,162
01310,MIDTOWN CBD,R4-ELEVATOR,156,1956,141440,4950400,35,23699989,168
01310,MIDTOWN CBD,R4-ELEVATOR,75,1956,65658,2232372,34,10699998,163
01312,MIDTOWN CBD,R4-ELEVATOR,236,1975,364872,17148984,47,85999969,236
01312,MIDTOWN CBD,R9-CONDOPS,120,1926,221819,7763665,35,36900000,166
01313,MIDTOWN CBD,R4-ELEVATOR,105,2001,365000,20075000,55,100999994,277
01314,MIDTOWN EAST,R4-ELEVATOR,364,1986,351161,13000000,37,65200014,186
01319,MIDTOWN EAST,R4-ELEVATOR,101,1970,60900,1700000,27.9,8139989,134
01319,MIDTOWN EAST,R4-ELEVATOR,18,2001,11861,535000,45.1,2680000,226
01320,MIDTOWN EAST,R4-ELEVATOR,231,1982,350000,12800000,36.6,64200000,183
01320,MIDTOWN EAST,R4-ELEVATOR,48,1985,77029,3100000,40.2,15499992,201
01320,MIDTOWN EAST,R4-ELEVATOR,92,1957,63927,2170000,33.9,10400018,163
01320,MIDTOWN EAST,R4-ELEVATOR,129,1956,81745,2600000,31.8,12499994,153
01320,MIDTOWN EAST,R4-ELEVATOR,173,1988,164753,7500000,45.5,37599995,228
01320,MIDTOWN EAST,R4-ELEVATOR,261,1979,207246,8200000,39.6,41100026,198
01322,MIDTOWN EAST,R4-ELEVATOR,162,1959,170631,5000000,29.3,24000009,141
01323,MIDTOWN EAST,R4-ELEVATOR,174,1985,193134,7450000,38.6,37400009,194
01324,MIDTOWN EAST,R4-ELEVATOR,16,1980,19082,735000,38.5,3690000,193
01325,MIDTOWN EAST,R4-ELEVATOR,25,1984,46800,1600000,34.2,7660003,164
01325,MIDTOWN EAST,R4-ELEVATOR,27,1901,15410,520000,33.7,2490002,162
01327,MIDTOWN EAST,R9-CONDOPS,146,1957,126021,4300000,34.1,20400000,162
01327,MIDTOWN EAST,R4-ELEVATOR,177,1990,237531,10250000,43.2,51400007,216
01329,MIDTOWN EAST,R4-ELEVATOR,40,2000,54638,3150000,58,15799994,289
01330,MIDTOWN EAST,R0-CONDOMINIUM,38,2004,70308,3350000,47.6,16800000,239
01331,MIDTOWN EAST,R4-ELEVATOR,115,1963,128436,3900000,30.4,18699997,146
01331,MIDTOWN EAST,R9-CONDOPS,260,1964,305093,9160000,30,41900000,137
01331,MIDTOWN EAST,R4-ELEVATOR,67,2005,104916,4500000,42.9,22600002,215
01336,MIDTOWN EAST,R4-ELEVATOR,79,1983,127399,5000000,39.2,25100031,197
01338,MIDTOWN EAST,R4-ELEVATOR,113,1980,86845,3300000,38,16499993,190
01338,MIDTOWN EAST,R4-ELEVATOR,166,1977,122021,4750000,38.9,23800000,195
01340,MIDTOWN EAST,R4-ELEVATOR,370,2000,825532,50000000,61,250999979,304
01341,MIDTOWN EAST,R4-ELEVATOR,141,1962,89872,2750000,30.6,13200005,147
01341,MIDTOWN EAST,R4-ELEVATOR,126,1962,82112,2500000,30.4,11999982,146
01341,MIDTOWN EAST,R4-ELEVATOR,237,1984,438326,19100000,43.6,95799995,219
01341,MIDTOWN EAST,R4-ELEVATOR,81,1930,78000,1950000,25,8469999,109
01342,MIDTOWN EAST,R4-ELEVATOR,85,1982,119419,4780000,40,24000016,201
01342,MIDTOWN EAST,R4-ELEVATOR,20,1982,33376,1400000,41.9,7020010,210
01342,MIDTOWN EAST,R2-WALK-UP,15,1920,10550,445000,42.2,2230002,211
01343,MIDTOWN EAST,R4-ELEVATOR,115,1931,93015,2350000,25.3,9920000,107
01343,MIDTOWN EAST,R4-ELEVATOR,23,1900,35615,1480000,41.6,7419999,208
01344,MIDTOWN EAST,R4-ELEVATOR,97,1963,67540,2030000,30.1,9720004,144
01344,MIDTOWN EAST,R4-ELEVATOR,64,2000,158085,7910000,50,39700000,251
01345,MIDTOWN EAST,R4-ELEVATOR,85,2006,166692,8200000,49.2,41100004,247
01346,MIDTOWN EAST,R4-ELEVATOR,90,1959,65000,2020000,31.1,9680003,149
01346,MIDTOWN EAST,R4-ELEVATOR,59,1941,53435,1700000,31.8,8139999,152
01347,MIDTOWN EAST,R4-ELEVATOR,118,2003,219278,8600000,39.2,43100004,197
01349,MIDTOWN EAST,R9-CONDOPS,174,1960,198115,6000000,30.3,27500000,139
01349,MIDTOWN EAST,R4-ELEVATOR,14,2005,41406,0,0,11500003,278
01350,MIDTOWN EAST,R9-CONDOPS,115,1958,95347,2860000,30,13100000,137
01362,MIDTOWN EAST,R4-ELEVATOR,113,2002,172926,8650000,50,43400002,251
01365,MIDTOWN EAST,R4-ELEVATOR,189,1958,196802,6360000,32.3,30500002,155
01365,MIDTOWN EAST,R4-ELEVATOR,228,1972,242825,8900000,36.7,44600005,184
01366,MIDTOWN EAST,R4-ELEVATOR,106,1983,174032,7850000,45.1,39399999,226
01368,MIDTOWN EAST,R4-ELEVATOR,60,1929,97636,3000000,30.7,14399999,147
01369,MIDTOWN EAST,R4-ELEVATOR,75,1986,85992,3200000,37.2,16000004,186
01370,MIDTOWN EAST,R4-ELEVATOR,75,1981,61175,2350000,38.4,11800001,193
01373,UPPER EAST SIDE (59-79),R4-ELEVATOR,230,2004,184076,7180000,39,35999997,196
01373,UPPER EAST SIDE (59-79),R4-ELEVATOR,216,2006,185948,6000000,32.3,28699997,154
01374,UPPER EAST SIDE (59-79),R4-ELEVATOR,126,2002,220037,11750000,53,58899994,268
01375,UPPER EAST SIDE (59-79),R4-ELEVATOR,36,1928,78349,2980000,38,14900003,190
01376,UPPER EAST SIDE (59-79),R4-ELEVATOR,13,1910,33255,1100000,33.1,5270001,158
01377,UPPER EAST SIDE (59-79),R4-ELEVATOR,16,1925,58566,2300000,39.3,11500001,196
01377,UPPER EAST SIDE (59-79),R4-ELEVATOR,68,1901,85219,3250000,38.1,16300006,191
01377,UPPER EAST SIDE (59-79),R4-ELEVATOR,15,1910,24508,860000,35.1,4120000,168
01379,UPPER EAST SIDE (59-79),R4-ELEVATOR,66,1925,185696,9100000,49,45599998,246
01379,UPPER EAST SIDE (59-79),R4-ELEVATOR,18,1951,56729,3300000,58,16499997,291
01381,UPPER EAST SIDE (59-79),R4-ELEVATOR,27,1934,25652,960000,37.4,4810002,188
01381,UPPER EAST SIDE (59-79),R9-CONDOPS,35,1941,77739,2550000,32.8,12100000,156
01381,UPPER EAST SIDE (59-79),R4-ELEVATOR,46,1941,62196,2050000,33,9819998,158
01381,UPPER EAST SIDE (59-79),R4-ELEVATOR,19,1941,43682,1450000,33.2,6950001,159
01382,UPPER EAST SIDE (59-79),R9-CONDOPS,84,1955,96152,3250000,33.8,14900000,155
01384,UPPER EAST SIDE (59-79),R4-ELEVATOR,12,1927,56415,2260000,40.1,11300001,200
01384,UPPER EAST SIDE (59-79),R4-ELEVATOR,48,1926,123994,6320000,51,31699997,256
01385,UPPER EAST SIDE (59-79),R9-CONDOPS,62,1928,273875,9000000,32.9,42800000,156
01386,UPPER EAST SIDE (59-79),R4-ELEVATOR,48,1928,92781,2950000,31.8,14100004,152
01386,UPPER EAST SIDE (59-79),R4-ELEVATOR,16,1986,42830,1715000,40,8600000,201
01388,UPPER EAST SIDE (59-79),R4-ELEVATOR,98,1959,153046,6150000,40.2,30800014,201
01389,UPPER EAST SIDE (59-79),R9-CONDOPS,72,1912,82280,2750000,33.4,13100000,159
01390,UPPER EAST SIDE (59-79),R4-ELEVATOR,15,1928,24277,975000,40.2,4890002,201
01390,UPPER EAST SIDE (59-79),R4-ELEVATOR,30,1982,42054,1700000,40.4,8529994,203
01391,UPPER EAST SIDE (59-79),R4-ELEVATOR,12,1910,9445,310000,32.8,1479999,157
01392,UPPER EAST SIDE (59-79),R4-ELEVATOR,111,1958,176897,6190000,35,29699991,168
01393,UPPER EAST SIDE (59-79),R4-ELEVATOR,13,1910,14977,585000,39.1,2930000,196
01394,UPPER EAST SIDE (59-79),R4-ELEVATOR,44,1998,158497,8320000,52,41700002,263
01395,UPPER EAST SIDE (59-79),R9-CONDOPS,166,1963,165925,5800000,35,27600000,166
01395,UPPER EAST SIDE (59-79),R4-ELEVATOR,27,1912,50302,1760000,35,8429999,168
01395,UPPER EAST SIDE (59-79),R4-ELEVATOR,48,1915,100093,3350000,33.5,16000000,160
01397,UPPER EAST SIDE (59-79),R4-ELEVATOR,12,1915,4777,170000,35.6,1351002,283
01397,UPPER EAST SIDE (59-79),R4-ELEVATOR,157,1959,204524,7150000,35,34200008,167
01397,UPPER EAST SIDE (59-79),R9-CONDOPS,74,1960,104981,3520000,33.5,16700000,159
01397,UPPER EAST SIDE (59-79),R4-ELEVATOR,86,1927,128842,5200000,40.4,26099996,203
01398,UPPER EAST SIDE (59-79),R4-ELEVATOR,205,1987,216171,9750000,45.1,48899997,226
01398,UPPER EAST SIDE (59-79),R9-CONDOPS,52,1962,90629,2950000,32.6,14000000,154
01400,UPPER EAST SIDE (59-79),R4-ELEVATOR,93,2000,180846,9300000,51,46599994,258
01402,UPPER EAST SIDE (59-79),R9-CONDOPS,164,1965,129320,4525000,35,21500000,166
01404,UPPER EAST SIDE (59-79),R4-ELEVATOR,76,1969,106669,3950000,37,19799994,186
01404,UPPER EAST SIDE (59-79),R4-ELEVATOR,97,1986,165624,7300000,44.1,36599993,221
01405,UPPER EAST SIDE (59-79),R4-ELEVATOR,21,1982,34906,1470000,42.1,7369989,211
01407,UPPER EAST SIDE (59-79),R4-ELEVATOR,138,1924,108820,3800000,34.9,18200008,167
01409,UPPER EAST SIDE (59-79),R4-ELEVATOR,19,1986,41754,1630000,39,8170000,196
01409,UPPER EAST SIDE (59-79),R9-CONDOPS,55,1929,117892,4240000,36,20100000,170
01409,UPPER EAST SIDE (59-79),R9-CONDOPS,32,1925,53255,1900000,35.7,9030000,170
01410,UPPER EAST SIDE (59-79),R9-CONDOPS,81,1961,123370,4200000,34,19200000,156
01410,UPPER EAST SIDE (59-79),R9-CONDOPS,30,1925,45621,1480000,32.4,6780000,149
01410,UPPER EAST SIDE (59-79),R4-ELEVATOR,73,1996,155731,7400000,47.5,37100001,238
01410,UPPER EAST SIDE (59-79),R4-ELEVATOR,38,1920,55758,1800000,32.3,8620001,155
01411,UPPER EAST SIDE (59-79),R4-ELEVATOR,20,1999,68979,3175000,46,15900002,231
01411,UPPER EAST SIDE (59-79),R4-ELEVATOR,56,1942,79883,3100000,38.8,15500003,194
01412,UPPER EAST SIDE (59-79),R9-CONDOPS,36,1927,54967,1650000,30,7560000,138
01412,UPPER EAST SIDE (59-79),R4-ELEVATOR,71,2000,165787,8200000,49.5,41100000,248
01412,UPPER EAST SIDE (59-79),R4-ELEVATOR,57,1942,87546,2360000,27,11299998,129
01413,UPPER EAST SIDE (59-79),R4-ELEVATOR,66,1985,97000,3780000,39,19000000,196
01413,UPPER EAST SIDE (59-79),R4-ELEVATOR,14,1900,9285,280000,30.2,1340002,144
01414,UPPER EAST SIDE (59-79),R4-ELEVATOR,137,1965,102271,3680000,36,18500001,181
01414,UPPER EAST SIDE (59-79),R4-ELEVATOR,62,2003,82086,2800000,34.1,13400003,163
01414,UPPER EAST SIDE (59-79),R4-ELEVATOR,42,2006,37492,1574664,42,3690005,98
01415,UPPER EAST SIDE (59-79),R4-ELEVATOR,219,1986,254167,11000000,43.3,55200007,217
01419,UPPER EAST SIDE (59-79),R4-ELEVATOR,88,1963,124765,4700000,37.7,23599991,189
01419,UPPER EAST SIDE (59-79),R4-ELEVATOR,295,1987,318183,13100000,41.2,65700004,206
01419,UPPER EAST SIDE (59-79),R4-ELEVATOR,287,1978,307730,11690000,38,58599986,190
01420,UPPER EAST SIDE (59-79),R4-ELEVATOR,582,1951,925645,29620640,32,142005116,153
01423,UPPER EAST SIDE (59-79),R4-ELEVATOR,283,1991,408657,20000000,48.9,99999998,245
01424,UPPER EAST SIDE (59-79),R9-CONDOPS,204,1957,206511,7020000,34,33400000,162
01424,UPPER EAST SIDE (59-79),R2-WALK-UP,16,1900,9237,325000,35.2,1560001,169
01425,UPPER EAST SIDE (59-79),R9-CONDOPS,88,1957,89223,2950000,33.1,13500000,151
01430,UPPER EAST SIDE (59-79),R9-CONDOPS,295,1957,239536,8150000,34,38700000,162
01432,UPPER EAST SIDE (59-79),R4-ELEVATOR,30,1930,18869,625000,33.1,2989997,158
01433,UPPER EAST SIDE (59-79),R9-CONDOPS,218,1931,233483,8500000,36.4,40400000,173
01435,UPPER EAST SIDE (59-79),R4-ELEVATOR,157,1986,112099,4930000,44,24699995,220
01436,UPPER EAST SIDE (59-79),R4-ELEVATOR,110,1986,112573,4950000,44,24800000,220
01436,UPPER EAST SIDE (59-79),R4-ELEVATOR,93,1977,66688,2500000,37.5,12500004,187
01438,UPPER EAST SIDE (59-79),R4-ELEVATOR,306,1965,504238,19000000,37.7,95299992,189
01439,UPPER EAST SIDE (59-79),R4-ELEVATOR,127,1987,149981,6500000,43.3,32599997,217
01439,UPPER EAST SIDE (59-79),R9-CONDOPS,56,1910,30899,1050000,34,4990000,161
01441,UPPER EAST SIDE (59-79),R4-ELEVATOR,204,1956,203938,7750000,38,38900003,191
01443,UPPER EAST SIDE (59-79),R4-ELEVATOR,20,1984,22283,800000,35.9,3830007,172
01444,UPPER EAST SIDE (59-79),R9-CONDOPS,198,1963,206278,7220000,35,34300000,166
01445,UPPER EAST SIDE (59-79),R9-CONDOPS,284,1961,277477,9450000,34.1,44900000,162
01446,UPPER EAST SIDE (59-79),R4-ELEVATOR,36,1988,70776,2950000,41.7,14800003,209
01446,UPPER EAST SIDE (59-79),R4-ELEVATOR,75,1996,125555,5300000,42.2,26599994,212
01446,UPPER EAST SIDE (59-79),R4-ELEVATOR,13,2005,33133,1420000,42.9,7119999,215
01447,UPPER EAST SIDE (59-79),R9-CONDOPS,177,1961,175387,6670000,38,31700000,181
01448,UPPER EAST SIDE (59-79),R9-CONDOPS,121,1957,119227,3700000,31,16100000,135
01449,UPPER EAST SIDE (59-79),R4-ELEVATOR,197,1985,238634,10000000,41.9,50199969,210
01449,UPPER EAST SIDE (59-79),R9-CONDOPS,149,1987,148594,6000000,40.4,28500000,192
01450,UPPER EAST SIDE (59-79),R9-CONDOPS,125,1961,91143,3010000,33,13800000,151
01451,UPPER EAST SIDE (59-79),R4-ELEVATOR,86,2000,187530,8600000,45.9,43099997,230
01455,UPPER EAST SIDE (59-79),R4-ELEVATOR,218,1999,310519,14600000,47,73200011,236
01457,UPPER EAST SIDE (59-79),R4-ELEVATOR,54,1985,55942,2240000,40,11200019,200
01458,UPPER EAST SIDE (59-79),R9-CONDOPS,16,1910,12000,370000,30.8,1480000,123
01458,UPPER EAST SIDE (59-79),R9-CONDOPS,238,1958,304510,9900000,32.5,47000000,154
01458,UPPER EAST SIDE (59-79),R9-CONDOPS,495,1956,456286,14850000,32.5,68000000,149
01458,UPPER EAST SIDE (59-79),R9-CONDOPS,16,1910,4267,200000,46.9,950000,223
01460,UPPER EAST SIDE (59-79),R4-ELEVATOR,158,1959,142140,5000000,35.2,23999996,169
01461,UPPER EAST SIDE (59-79),R4-ELEVATOR,128,2005,246580,0,0,15587445,63
01464,UPPER EAST SIDE (59-79),R4-ELEVATOR,216,1984,248163,9950000,40.1,49900004,201
01466,UPPER EAST SIDE (59-79),R4-ELEVATOR,205,1990,322581,13870000,43,69600006,216
01467,UPPER EAST SIDE (59-79),R4-ELEVATOR,28,1910,19747,680000,34.4,3260004,165
01469,UPPER EAST SIDE (59-79),R9-CONDOPS,251,1962,273109,9150000,33.5,43500000,159
01469,UPPER EAST SIDE (59-79),R4-ELEVATOR,11,2007,33480,1679000,50,8419991,251
01470,UPPER EAST SIDE (59-79),R4-ELEVATOR,181,1999,200000,9500000,47.5,47599997,238
01471,UPPER EAST SIDE (59-79),R4-ELEVATOR,26,1900,24989,850000,34,4070000,163
01473,UPPER EAST SIDE (59-79),R4-ELEVATOR,208,1986,205982,8200000,39.8,41099984,200
01473,UPPER EAST SIDE (59-79),R4-ELEVATOR,120,1959,141945,4750000,33.5,22800005,161
01473,UPPER EAST SIDE (59-79),R9-CONDOPS,36,1910,21145,635000,30,2910000,138
01473,UPPER EAST SIDE (59-79),R4-ELEVATOR,53,2004,108075,4340000,40.2,21800000,202
01483,UPPER EAST SIDE (59-79),R4-ELEVATOR,147,1989,233223,8500000,36.4,42600003,183
01484,UPPER EAST SIDE (59-79),R4-ELEVATOR,358,1985,470423,22500000,47.8,112999968,240
01487,UPPER EAST SIDE (59-79),R4-ELEVATOR,95,1956,50038,1560000,31.2,7469996,149
01487,UPPER EAST SIDE (59-79),R4-ELEVATOR,209,1986,317169,13300000,41.9,66699998,210
01491,UPPER EAST SIDE (79-96),R4-ELEVATOR,126,1973,199534,6780000,34,32500018,163
01491,UPPER EAST SIDE (79-96),R4-ELEVATOR,13,1926,50888,1830000,36,9180000,180
01492,UPPER EAST SIDE (79-96),R4-ELEVATOR,50,1987,101117,3790000,37.5,19000002,188
01493,UPPER EAST SIDE (79-96),R4-ELEVATOR,32,1981,50384,1765000,35,8449997,168
01493,UPPER EAST SIDE (79-96),R9-CONDOPS,17,1910,22751,680000,29.9,3110000,137
01493,UPPER EAST SIDE (79-96),R4-ELEVATOR,23,1929,52387,1680000,32.1,8049999,154
01495,UPPER EAST SIDE (79-96),R9-CONDOPS,56,1938,83594,2930000,35.1,13900000,166
01496,UPPER EAST SIDE (79-96),R4-ELEVATOR,92,1987,152249,5940000,39,29800001,196
01497,UPPER EAST SIDE (79-96),R4-ELEVATOR,54,1928,140295,5620000,40.1,28200001,201
01497,UPPER EAST SIDE (79-96),R4-ELEVATOR,12,1928,3812,152000,39.9,761998,200
01498,UPPER EAST SIDE (79-96),R4-ELEVATOR,46,1924,97767,3120000,31.9,14900002,152
01499,UPPER EAST SIDE (79-96),R4-ELEVATOR,18,1986,60288,2410000,40,12100000,201
01501,UPPER EAST SIDE (79-96),R9-CONDOPS,251,1969,487413,14620000,30,66900000,137
01505,UPPER EAST SIDE (79-96),R4-ELEVATOR,29,1980,23232,840000,36.2,4210003,181
01505,UPPER EAST SIDE (79-96),R4-ELEVATOR,215,1984,299069,12500000,41.8,62699995,210
01507,UPPER EAST SIDE (79-96),R4-ELEVATOR,17,1985,25633,905000,35.3,4340003,169
01510,UPPER EAST SIDE (79-96),R4-ELEVATOR,94,1985,138096,5700000,41.3,28576758,207
01511,UPPER EAST SIDE (79-96),R9-CONDOPS,32,1916,48138,1400000,29.1,6410000,133
01512,UPPER EAST SIDE (79-96),R4-ELEVATOR,33,1981,59931,2150000,35.9,10299992,172
01513,UPPER EAST SIDE (79-96),R4-ELEVATOR,219,1987,285668,10850000,38,54399998,190
01513,UPPER EAST SIDE (79-96),R4-ELEVATOR,102,1986,82637,3385000,41,17000000,206
01514,UPPER EAST SIDE (79-96),R9-CONDOPS,16,1920,15101,440000,29.1,2010000,133
01515,UPPER EAST SIDE (79-96),R4-ELEVATOR,65,1939,60335,1870000,31,8960000,149
01515,UPPER EAST SIDE (79-96),R4-ELEVATOR,221,1981,346269,14550000,42,73000015,211
01515,UPPER EAST SIDE (79-96),R4-ELEVATOR,241,1991,343000,14000000,40.8,70199994,205
01516,UPPER EAST SIDE (79-96),R4-ELEVATOR,42,1928,50156,1560000,31.1,7469998,149
01516,UPPER EAST SIDE (79-96),R9-CONDOPS,198,1972,295573,9200000,31.1,42100000,142
01517,UPPER EAST SIDE (79-96),R4-ELEVATOR,59,1929,71863,2000000,27.8,9580000,133
01518,UPPER EAST SIDE (79-96),R4-ELEVATOR,104,1962,88510,2830000,32,13600003,154
01519,UPPER EAST SIDE (79-96),R4-ELEVATOR,94,2003,199437,8750000,43.9,43899995,220
01521,UPPER EAST SIDE (79-96),R4-ELEVATOR,30,1989,43060,1785000,41.5,8949996,208
01524,UPPER EAST SIDE (79-96),R4-ELEVATOR,59,1928,95534,2675000,28,12800002,134
01524,UPPER EAST SIDE (79-96),R9-CONDOPS,112,1985,104951,3780000,36,18000000,172
01526,UPPER EAST SIDE (79-96),R4-ELEVATOR,100,1926,194747,8570000,44,43000001,221
01526,UPPER EAST SIDE (79-96),R4-ELEVATOR,147,1963,175375,5000000,28.5,23999986,137
01527,UPPER EAST SIDE (79-96),R4-ELEVATOR,61,1985,99039,3665000,37,18399996,186
01527,UPPER EAST SIDE (79-96),R4-ELEVATOR,40,1974,28559,900000,31.5,4310000,151
01532,UPPER EAST SIDE (79-96),R4-ELEVATOR,60,1981,59228,2280000,38.5,11400001,192
01534,UPPER EAST SIDE (79-96),R4-ELEVATOR,253,1987,235069,9170000,39,45999994,196
01534,UPPER EAST SIDE (79-96),R4-ELEVATOR,19,1920,8600,340000,39.5,1710004,199
01536,UPPER EAST SIDE (79-96),R4-ELEVATOR,1258,1975,1496819,54630000,36.5,274000010,183
01539,UPPER EAST SIDE (79-96),R4-ELEVATOR,290,1985,391767,14180000,36.2,71099988,181
01540,UPPER EAST SIDE (79-96),R4-ELEVATOR,43,1989,43065,1590000,36.9,7970004,185
01542,UPPER EAST SIDE (79-96),R4-ELEVATOR,538,1974,433154,15680000,36.2,78600040,181
01543,UPPER EAST SIDE (79-96),R4-ELEVATOR,328,1973,331552,9950000,30,47699995,144
01544,UPPER EAST SIDE (79-96),R4-ELEVATOR,149,1998,213419,8750000,41,43895164,206
01547,UPPER EAST SIDE (79-96),R4-ELEVATOR,14,1915,7921,240000,30.3,1149997,145
01548,UPPER EAST SIDE (79-96),R9-CONDOPS,27,1925,16350,460000,28.1,2110000,129
01550,UPPER EAST SIDE (79-96),R4-ELEVATOR,163,1988,273330,10100000,37,50699992,185
01551,UPPER EAST SIDE (79-96),R2-WALK-UP,14,1915,8345,295000,35.4,1410002,169
01552,UPPER EAST SIDE (79-96),R4-ELEVATOR,26,1910,13796,410000,29.7,1960002,142
01552,UPPER EAST SIDE (79-96),R4-ELEVATOR,31,1987,25593,910000,35.6,4359999,170
01554,UPPER EAST SIDE (79-96),R4-ELEVATOR,154,2000,181821,7730000,42.5,38800003,213
01555,UPPER EAST SIDE (79-96),R4-ELEVATOR,221,1987,220209,7930000,36,39800002,181
01557,UPPER EAST SIDE (79-96),R4-ELEVATOR,18,1987,17550,630000,35.9,3020000,172
01562,UPPER EAST SIDE (79-96),R4-ELEVATOR,120,2005,180466,6590000,36.5,32999995,183
01564,UPPER EAST SIDE (79-96),R4-ELEVATOR,88,1986,105768,4130000,39,20699992,196
01565,UPPER EAST SIDE (79-96),R4-ELEVATOR,45,1935,51750,1450000,28,6949998,134
01566,UPPER EAST SIDE (79-96),R4-ELEVATOR,142,1986,167332,6700000,40,33599999,201
01566,UPPER EAST SIDE (79-96),R2-WALK-UP,39,1920,7225,200000,27.7,958000,133
01569,UPPER EAST SIDE (79-96),R4-ELEVATOR,82,1910,109500,3390000,31,16200002,148
01569,UPPER EAST SIDE (79-96),R4-ELEVATOR,197,1963,163567,4830000,29.5,23100011,141
01569,UPPER EAST SIDE (79-96),R4-ELEVATOR,128,1999,112798,4180000,37.1,21000015,186
01576,UPPER EAST SIDE (79-96),R4-ELEVATOR,91,1986,81223,2685000,33.1,12900002,159
01577,UPPER EAST SIDE (79-96),R4-ELEVATOR,163,1964,103108,3040000,29.5,14600003,142
01577,UPPER EAST SIDE (79-96),R4-ELEVATOR,68,1981,137403,5150000,37.5,25800000,188
01577,UPPER EAST SIDE (79-96),R4-ELEVATOR,16,1981,18290,625000,34.2,2989997,163
01578,UPPER EAST SIDE (79-96),R4-ELEVATOR,82,1988,118052,4750000,40.2,23799997,202
01578,UPPER EAST SIDE (79-96),R4-ELEVATOR,32,1910,12888,410000,31.8,1959993,152
01580,UPPER EAST SIDE (79-96),R4-ELEVATOR,40,1999,119396,5250000,44,26300003,220
01584,UPPER EAST SIDE (79-96),R4-ELEVATOR,96,2005,268404,10700000,39.9,53700004,200
01599,HARLEM-CENTRAL,R4-ELEVATOR,129,2003,163480,5067880,31,24300005,149
01599,HARLEM-CENTRAL,R4-ELEVATOR,248,2006,395140,12249340,31,58700069,149
01600,HARLEM-CENTRAL,R9-CONDOPS,240,1999,312016,8736448,28,40000000,128
01602,UPPER EAST SIDE (96-110),R4-ELEVATOR,60,1924,108700,3700000,34,17700003,163
01607,UPPER EAST SIDE (96-110),R4-ELEVATOR,51,1928,120464,4100000,34,19600000,163
01613,UPPER EAST SIDE (96-110),R4-ELEVATOR,59,1925,63284,1580000,24.97,6860011,108
01614,UPPER EAST SIDE (96-110),R4-ELEVATOR,11,2003,7742,190000,24.54,824999,107
01623,HARLEM-EAST,R9-CONDOPS,152,2003,109646,2850000,26,12000000,109
01627,HARLEM-EAST,R4-ELEVATOR,13,2004,6342,210000,33.1,1009999,159
01630,HARLEM-EAST,R2-WALK-UP,17,1920,9590,185000,19.29,802998,84
01630,HARLEM-EAST,R2-WALK-UP,17,1920,9590,185000,19.29,803000,84
01630,HARLEM-EAST,R4-ELEVATOR,11,2006,12184,440000,36.1,2210000,181
01632,HARLEM-EAST,R2-WALK-UP,12,1910,7690,155000,20.16,672998,88
01646,HARLEM-EAST,R9-CONDOPS,215,2005,184939,6270000,33.9,29800000,161
01661,HARLEM-EAST,R4-ELEVATOR,22,2003,25721,720000,28,3450005,134
01667,HARLEM-EAST,R4-ELEVATOR,12,1910,12222,300000,24.55,1300004,106
01674,HARLEM-EAST,R9-CONDOPS,233,2003,315656,9200000,29.1,42100000,133
01676,HARLEM-EAST,R2-WALK-UP,12,1900,6092,125000,20.52,543000,89
01676,HARLEM-EAST,R4-ELEVATOR,38,2007,32660,900000,27.6,4310002,132
01677,HARLEM-EAST,R4-ELEVATOR,36,1929,33280,690000,20.73,3000006,90
01680,HARLEM-EAST,R4-ELEVATOR,33,1926,46998,850000,18.09,3360001,71
01680,HARLEM-EAST,R4-ELEVATOR,28,2007,25174,1030000,40.9,5170002,205
01681,HARLEM-EAST,R4-ELEVATOR,31,2006,32483,1300000,40,6519997,201
01683,HARLEM-EAST,R4-ELEVATOR,20,2004,22295,685000,30.7,3279997,147
01720,HARLEM-CENTRAL,R4-ELEVATOR,36,1909,40987,735000,17.93,2909999,71
01721,HARLEM-CENTRAL,R4-ELEVATOR,24,1900,27073,460000,16.99,1820001,67
01724,HARLEM-CENTRAL,R4-ELEVATOR,23,2005,32150,725000,22.55,3149989,98
01727,HARLEM-CENTRAL,R4-ELEVATOR,77,2005,131237,3740000,28.5,17900009,136
01729,HARLEM-CENTRAL,R4-ELEVATOR,34,1898,28408,540000,19.01,2140002,75
01729,HARLEM-CENTRAL,R2-WALK-UP,12,2004,15230,400000,26.3,1740001,114
01745,HARLEM-CENTRAL,R9-CONDOPS,92,2003,97592,2860000,29.3,13100000,134
01753,HARLEM-CENTRAL,R4-ELEVATOR,12,2005,12000,350000,29.2,1679996,140
01753,HARLEM-CENTRAL,R4-ELEVATOR,18,2004,15023,400000,26.6,1740000,116
01755,HARLEM-CENTRAL,R2-WALK-UP,25,2004,40418,1300000,32.2,6230004,154
01788,HARLEM-EAST,R4-ELEVATOR,11,2006,10585,400000,37.8,1919999,181
01807,HARLEM-EAST,R4-ELEVATOR,12,2006,9745,290000,29.8,1390000,143
01820,HARLEM-CENTRAL,R4-ELEVATOR,35,1910,36637,769377,21,3340006,91
01820,HARLEM-CENTRAL,R4-ELEVATOR,17,1900,22039,661170,30,3169999,144
01820,HARLEM-CENTRAL,R4-ELEVATOR,48,2006,189758,6262014,33,30000011,158
01823,HARLEM-CENTRAL,R4-ELEVATOR,54,1915,58429,1051722,18,4159999,71
01823,HARLEM-CENTRAL,R4-ELEVATOR,15,1900,18567,464175,25,2019998,109
01826,HARLEM-CENTRAL,R4-ELEVATOR,35,1911,48636,972720,20,4220001,87
01826,HARLEM-CENTRAL,R2-WALK-UP,24,0,18540,315180,17,1250005,67
01828,HARLEM-CENTRAL,R4-ELEVATOR,14,1900,18448,313616,17,1240000,67
01828,HARLEM-CENTRAL,R4-ELEVATOR,13,1920,23700,426600,18,1690000,71
01828,HARLEM-CENTRAL,R2-WALK-UP,13,1900,6866,205980,30,986998,144
01828,HARLEM-CENTRAL,R2-WALK-UP,14,0,6846,205380,30,983996,144
01829,HARLEM-CENTRAL,R4-ELEVATOR,33,0,28560,685440,24,2980002,104
01830,HARLEM-CENTRAL,R4-ELEVATOR,15,2005,20184,807360,40,4395687,218
01831,HARLEM-CENTRAL,R2-WALK-UP,20,1900,7852,235560,30,1130000,144
01832,MANHATTAN VALLEY,R4-ELEVATOR,20,1900,13885,319355,23,1390000,100
01833,MANHATTAN VALLEY,R4-ELEVATOR,414,1961,390628,6054734,15.5,23965009,61
01833,MANHATTAN VALLEY,R4-ELEVATOR,413,1961,390628,6054734,15.5,23964996,61
01833,MANHATTAN VALLEY,R4-ELEVATOR,414,1960,390628,6054734,15.5,23965002,61
01833,MANHATTAN VALLEY,R4-ELEVATOR,414,1960,390628,6054734,15.5,23965009,61
01837,MANHATTAN VALLEY,R4-ELEVATOR,88,1902,88060,2025380,23,8789979,100
01838,MANHATTAN VALLEY,R4-ELEVATOR,60,1941,47400,948000,20,4119989,87
01838,MANHATTAN VALLEY,R4-ELEVATOR,61,1941,48500,970000,20,4209992,87
01840,MANHATTAN VALLEY,R4-ELEVATOR,77,1986,87732,2456496,28,11800006,135
01841,MANHATTAN VALLEY,R4-ELEVATOR,20,1910,20670,413400,20,1799998,87
01841,MANHATTAN VALLEY,R4-ELEVATOR,98,2002,220057,8802280,40,44100000,200
01842,MANHATTAN VALLEY,R4-ELEVATOR,99,1929,115824,1969008,17,7790004,67
01842,MANHATTAN VALLEY,R2-WALK-UP,11,1900,9215,230375,25,999999,109
01845,MANHATTAN VALLEY,R4-ELEVATOR,342,1989,341224,10919168,32,52300027,153
01845,MANHATTAN VALLEY,R4-ELEVATOR,267,1986,281819,9018208,32,43199983,153
01845,MANHATTAN VALLEY,R4-ELEVATOR,45,2005,41768,1294808,31,5930000,142
01845,MANHATTAN VALLEY,R4-ELEVATOR,25,2005,50523,1566213,31,7500003,148
01848,MANHATTAN VALLEY,R4-ELEVATOR,15,2004,21583,755405,35,3620002,168
01848,MANHATTAN VALLEY,R4-ELEVATOR,14,1900,24987,549714,22,2390000,96
01868,UPPER WEST SIDE (96-116),R4-ELEVATOR,302,1983,358000,9800000,27.4,46899979,131
01869,UPPER WEST SIDE (96-116),R4-ELEVATOR,56,1901,80242,2090000,26,9570000,119
01869,UPPER WEST SIDE (96-116),R4-ELEVATOR,61,1914,97950,2250000,22.97,9769998,100
01870,UPPER WEST SIDE (96-116),R4-ELEVATOR,31,1920,49780,1250000,25.1,5430008,109
01870,UPPER WEST SIDE (96-116),R9-CONDOPS,79,1911,163616,3100000,18.95,11900000,73
01870,UPPER WEST SIDE (96-116),R4-ELEVATOR,32,1912,32752,885000,27,4239998,129
01871,UPPER WEST SIDE (96-116),R4-ELEVATOR,64,2005,132905,4200000,31.6,27000003,203
01874,UPPER WEST SIDE (96-116),R9-CONDOPS,345,1927,221974,5550000,25,23400000,105
01876,UPPER WEST SIDE (96-116),R4-ELEVATOR,46,1930,33324,800000,24.01,3469999,104
01878,UPPER WEST SIDE (96-116),R4-ELEVATOR,64,2004,133872,4000000,29.9,19199999,143
01880,UPPER WEST SIDE (96-116),R4-ELEVATOR,44,1925,42503,830000,19.53,3600009,85
01881,UPPER WEST SIDE (96-116),R4-ELEVATOR,148,1920,107102,2800000,26.1,12200024,114
01881,UPPER WEST SIDE (96-116),R4-ELEVATOR,36,1911,59769,1560000,26.1,6770009,113
01881,UPPER WEST SIDE (96-116),R4-ELEVATOR,49,1900,55578,1450000,26.1,6299997,113
01882,UPPER WEST SIDE (96-116),R4-ELEVATOR,56,1920,70493,1835000,26,7969997,113
01882,UPPER WEST SIDE (96-116),R4-ELEVATOR,55,2005,79805,2715000,34,12999990,163
01883,UPPER WEST SIDE (96-116),R9-CONDOPS,135,1930,147648,3550000,24.04,15000000,102
01883,UPPER WEST SIDE (96-116),R4-ELEVATOR,71,1990,46573,1260000,27.1,6040000,130
01887,UPPER WEST SIDE (96-116),R4-ELEVATOR,61,1920,90386,1450000,16.04,5260019,58
01888,UPPER WEST SIDE (96-116),R4-ELEVATOR,32,1910,39500,750000,18.99,2970003,75
01889,UPPER WEST SIDE (96-116),R4-ELEVATOR,106,1928,195971,4500000,22.96,19500001,100
01893,UPPER WEST SIDE (96-116),R9-CONDOPS,137,1920,165106,3960000,23.98,16700000,101
01893,UPPER WEST SIDE (96-116),R4-ELEVATOR,67,1922,103749,1556235,15,5990000,58
01894,UPPER WEST SIDE (96-116),R9-CONDOPS,151,1926,192853,3800000,19.7,16000000,83
01896,UPPER WEST SIDE (96-116),R9-CONDOPS,46,1911,63300,1360000,21.48,5740000,91
01901,HARLEM-CENTRAL,R9-CONDOPS,28,2004,52916,1799144,34,8550000,162
01901,HARLEM-CENTRAL,R9-CONDOPS,23,2004,37719,1282446,34,6090000,161
01903,HARLEM-CENTRAL,R4-ELEVATOR,25,1910,44329,1108225,25,4809997,109
01908,HARLEM-CENTRAL,R4-ELEVATOR,21,1906,46991,1174775,25,5110000,109
01914,HARLEM-CENTRAL,R4-ELEVATOR,19,2007,29315,996710,34,4769998,163
01922,HARLEM-CENTRAL,R4-ELEVATOR,16,1910,15210,304200,20,1319994,87
01924,HARLEM-CENTRAL,R4-ELEVATOR,64,2003,63252,1771056,28,8479996,134
01924,HARLEM-CENTRAL,R4-ELEVATOR,74,2003,59844,2034696,34,9670000,162
01924,HARLEM-CENTRAL,R4-ELEVATOR,22,2004,19500,663000,34,3150000,162
01930,HARLEM-CENTRAL,R4-ELEVATOR,11,1910,25230,630750,25,2739999,109
01942,HARLEM-CENTRAL,R2-WALK-UP,32,1994,35082,877050,25,3809984,109
01942,HARLEM-CENTRAL,R4-ELEVATOR,36,1933,38386,767720,20,3329999,87
01943,HARLEM-CENTRAL,R4-ELEVATOR,41,1900,45436,999592,22,4339997,96
01943,HARLEM-CENTRAL,R4-ELEVATOR,49,1901,66936,1405656,21,6100000,91
01944,HARLEM-CENTRAL,R2-WALK-UP,49,1931,63586,0,0,5100001,80
01945,HARLEM-CENTRAL,R4-ELEVATOR,48,2003,108510,3363810,31,16100000,148
01945,HARLEM-CENTRAL,R4-ELEVATOR,93,2006,108572,3257160,30,15599991,144
01946,HARLEM-CENTRAL,R4-ELEVATOR,54,2006,67413,2022390,30,9689999,144
01947,HARLEM-CENTRAL,R9-CONDOPS,74,2003,93600,2808000,30,12900000,138
01955,HARLEM-CENTRAL,R2-WALK-UP,15,1910,23765,522830,22,2270000,96
01959,HARLEM-CENTRAL,R4-ELEVATOR,170,2003,240000,6000000,25,26100001,109
01960,HARLEM-CENTRAL,R2-WALK-UP,28,1994,41964,923208,22,4009994,96
01988,HARLEM-WEST,R4-ELEVATOR,13,2002,21862,743308,34,3560001,163
01988,HARLEM-WEST,R4-ELEVATOR,29,2006,31308,1064472,34,5099999,163
01995,MORNINGSIDE HEIGHTS,R9-CONDOPS,48,1926,37103,816266,22,3740000,101
02023,HARLEM-CENTRAL,R2-WALK-UP,28,1993,30976,681472,22,2960000,96
02034,HARLEM-CENTRAL,R9-CONDOPS,104,1920,143389,4014892,28,18400000,128
02041,HARLEM-CENTRAL,R2-WALK-UP,28,1994,36188,796136,22,3460007,96
02041,HARLEM-CENTRAL,R4-ELEVATOR,14,1894,18306,640710,35,3069999,168
02042,HARLEM-CENTRAL,R2-WALK-UP,47,1896,76584,1684848,22,7320009,96
02044,HARLEM-CENTRAL,R9-CONDOPS,128,2003,212047,6361410,30,29100000,137
02045,HARLEM-CENTRAL,R4-ELEVATOR,180,2005,204835,6145050,30,29400016,144
02045,HARLEM-CENTRAL,R9-CONDOPS,135,2005,164085,4922550,30,20800000,127
02051,HARLEM-CENTRAL,R9-CONDOPS,77,2001,91858,2755740,30,12600000,137
02066,HARLEM-UPPER,R2-WALK-UP,38,1926,25050,551100,22,2390004,95
02067,HARLEM-UPPER,R4-ELEVATOR,20,1920,17565,526950,30,2520004,143
02079,HARLEM-UPPER,R4-ELEVATOR,12,2005,12000,480000,40,2409999,201
02090,HARLEM-UPPER,R4-ELEVATOR,54,1908,30886,617720,20,2680000,87
02092,HARLEM-UPPER,R4-ELEVATOR,25,1926,24132,253386,10.5,786999,32.6
02093,HARLEM-UPPER,R4-ELEVATOR,35,1920,30441,608820,20,2640000,87
02094,HARLEM-UPPER,R4-ELEVATOR,50,1913,86020,1978460,23,8590000,100
02095,HARLEM-UPPER,R4-ELEVATOR,50,2005,67805,2034150,30,9740006,144
02096,HARLEM-UPPER,R4-ELEVATOR,74,1912,107100,1499400,14,5469995,51
02122,WASHINGTON HEIGHTS LOWER,R4-ELEVATOR,13,2008,22052,595000,27,2850000,129
02134,WASHINGTON HEIGHTS LOWER,R4-ELEVATOR,48,1920,52476,700000,13.34,2769998,53
02164,WASHINGTON HEIGHTS UPPER,R4-ELEVATOR,114,1969,109752,1870000,17.04,7399998,67
02179,WASHINGTON HEIGHTS UPPER,R4-ELEVATOR,78,1987,101844,2140000,21.01,9290002,91
02179,WASHINGTON HEIGHTS UPPER,R4-ELEVATOR,20,2002,22838,640000,28,3070002,134
02180,WASHINGTON HEIGHTS UPPER,R9-CONDOPS,65,1950,55522,850000,15.31,3270000,59
02180,WASHINGTON HEIGHTS UPPER,R4-ELEVATOR,56,2003,75765,1740000,22.97,7559993,100
02221,INWOOD,R4-ELEVATOR,89,1925,76970,769700,10,2200005,28.6
